Workbook

Sheet Resum
B1: Seguiment de cims · 100 Cims FEEC, tresmils i sostres
B2: Repte FEEC: calen 100 dels 150 «essencials» (des de l'1/7/2019); després compten tots els cims per als reptes 2×100, 3×100… Tresmils: llista UIAA de 212. Generat per l'app Cims.
B4: 100 Cims FEEC | C4: Essencials assolits | D4: ="Falten per als "&IF(C5<100,100,(INT(G5/100)+1)*100) | E4: Progrés del repte (centenes) | F4: No essencials assolits | G4: Total cims FEEC assolits | H4: % del total FEEC | I4: Punts
C5: =COUNTIFS('100 Cims FEEC'!$E$5:$E$526,"Essencial",'100 Cims FEEC'!$G$5:$G$526,"Sí") | D5: =IF(C5<100,100-C5,IF(C5<100,100,(INT(G5/100)+1)*100)-G5) | E5: =IF(C5<100,C5/100,G5/100) | F5: =COUNTIFS('100 Cims FEEC'!$E$5:$E$526,"No essencial",'100 Cims FEEC'!$G$5:$G$526,"Sí") | G5: =C5+F5 | H5: =G5/COUNTA('100 Cims FEEC'!$E$5:$E$526) | I5: =COUNTA('Els meus punts'!$B$5:$B$6)
B7: ="Progrés cap als "&IF(C5<100,100,(INT(G5/100)+1)*100) | C7: =REPT("█",ROUND((IF(C5<100,C5/100,MOD(G5,100)/100))*30,0))&REPT("░",30-ROUND((IF(C5<100,C5/100,MOD(G5,100)/100))*30,0))&" "&TEXT(IF(C5<100,C5/100,MOD(G5,100)/100),"0%")&IF(C5<100," ("&C5&" de 100 essencials)"," ("&MOD(G5,100)&" de 100 cap als "&IF(C5<100,100,(INT(G5/100)+1)*100)&")")
B8: Sobre el total FEEC (522) | C8: =REPT("█",ROUND((H5)*30,0))&REPT("░",30-ROUND((H5)*30,0))&" "&TEXT((H5),"0%")
B9: Detall | C9: =C5&" de "&COUNTIF('100 Cims FEEC'!$E$5:$E$526,"Essencial")&" essencials · "&G5&" de "&COUNTA('100 Cims FEEC'!$E$5:$E$526)&" cims de la llista"&IF(C5>=100," · repte dels 100 superat","")
B11: Tresmils i sostres | C11: UIAA principals assolits | D11: UIAA secundaris assolits | E11: Total 3000 UIAA assolits | F11: % dels 212 UIAA | G11: 3000 catalans assolits (de 13) | H11: % 3000 catalans | I11: Sostres comarcals (de 43)
C12: =COUNTIFS('3000 Pirineu'!$E$5:$E$219,"Principal",'3000 Pirineu'!$G$5:$G$219,"Sí") | D12: =COUNTIFS('3000 Pirineu'!$E$5:$E$219,"Secundari",'3000 Pirineu'!$G$5:$G$219,"Sí") | E12: =C12+D12 | F12: =E12/(COUNTIF('3000 Pirineu'!$E$5:$E$219,"Principal")+COUNTIF('3000 Pirineu'!$E$5:$E$219,"Secundari")) | G12: =COUNTIFS('3000 Pirineu català'!$G$5:$G$20,"Sí",'3000 Pirineu català'!$D$5:$D$20,"Vigent") | H12: =G12/COUNTIF('3000 Pirineu català'!$D$5:$D$20,"Vigent") | I12: =COUNTIF('Sostres comarcals'!$G$5:$G$47,"Sí")
B14: Progrés 3000 UIAA (212) | C14: =REPT("█",ROUND((F12)*30,0))&REPT("░",30-ROUND((F12)*30,0))&" "&TEXT((F12),"0%")
B15: Progrés 3000 catalans (13) | C15: =REPT("█",ROUND((H12)*30,0))&REPT("░",30-ROUND((H12)*30,0))&" "&TEXT((H12),"0%")
B16: Progrés sostres comarcals (43) | C16: =REPT("█",ROUND((I12/COUNTA('Sostres comarcals'!$A$5:$A$47))*30,0))&REPT("░",30-ROUND((I12/COUNTA('Sostres comarcals'!$A$5:$A$47))*30,0))&" "&TEXT((I12/COUNTA('Sostres comarcals'!$A$5:$A$47)),"0%")
B17: Detall | C17: =C12&" de "&COUNTIF('3000 Pirineu'!$E$5:$E$219,"Principal")&" principals · "&D12&" de "&COUNTIF('3000 Pirineu'!$E$5:$E$219,"Secundari")&" secundaris · "&G12&" de "&COUNTIF('3000 Pirineu català'!$D$5:$D$20,"Vigent")&" tresmils catalans · "&I12&" de "&COUNTA('Sostres comarcals'!$A$5:$A$47)&" sostres comarcals"
B18: Progrés 4000 Alps (128) | C18: =REPT("█",ROUND((COUNTIF('4000 Alps'!$G$5:$G$132,"Sí")/COUNTA('4000 Alps'!$B$5:$B$132))*30,0))&REPT("░",30-ROUND((COUNTIF('4000 Alps'!$G$5:$G$132,"Sí")/COUNTA('4000 Alps'!$B$5:$B$132))*30,0))&" "&TEXT((COUNTIF('4000 Alps'!$G$5:$G$132,"Sí")/COUNTA('4000 Alps'!$B$5:$B$132)),"0%")&" ("&COUNTIFS('4000 Alps'!$F$5:$F$132,"Principal",'4000 Alps'!$G$5:$G$132,"Sí")&" de 82 principals · "&COUNTIF('4000 Alps'!$G$5:$G$132,"Sí")&" de 128 en total)"
B20: Per comarca principal | K20: Punts per grup
B21: Comarca principal | C21: Cims a la llista | D21: Essencials | E21: Essencials assolits | F21: Essencials pendents | G21: No essencials assolits | H21: % essencials fets | K21: Grup | L21: Punts | M21: Cims FEEC | N21: 3000 UIAA
B22: Alt Camp | C22: =COUNTIF('100 Cims FEEC'!$C$5:$C$526,B22) | D22: =COUNTIFS('100 Cims FEEC'!$C$5:$C$526,B22,'100 Cims FEEC'!$E$5:$E$526,"Essencial") | E22: =COUNTIFS('100 Cims FEEC'!$C$5:$C$526,B22,'100 Cims FEEC'!$E$5:$E$526,"Essencial",'100 Cims FEEC'!$G$5:$G$526,"Sí") | F22: =D22-E22 | G22: =COUNTIFS('100 Cims FEEC'!$C$5:$C$526,B22,'100 Cims FEEC'!$E$5:$E$526,"No essencial",'100 Cims FEEC'!$G$5:$G$526,"Sí") | H22: =IF(D22=0,"-",E22/D22) | K22: Internacionals | L22: =COUNTIF('Els meus punts'!$A$5:$A$6,K22) | M22: =COUNTIFS('Els meus punts'!$A$5:$A$6,K22,'Els meus punts'!$F$5:$F$6,"<>") | N22: =COUNTIFS('Els meus punts'!$A$5:$A$6,K22,'Els meus punts'!$J$5:$J$6,"Principal")+COUNTIFS('Els meus punts'!$A$5:$A$6,K22,'Els meus punts'!$J$5:$J$6,"Secundari")
B23: Alt Empordà | C23: =COUNTIF('100 Cims FEEC'!$C$5:$C$526,B23) | D23: =COUNTIFS('100 Cims FEEC'!$C$5:$C$526,B23,'100 Cims FEEC'!$E$5:$E$526,"Essencial") | E23: =COUNTIFS('100 Cims FEEC'!$C$5:$C$526,B23,'100 Cims FEEC'!$E$5:$E$526,"Essencial",'100 Cims FEEC'!$G$5:$G$526,"Sí") | F23: =D23-E23 | G23: =COUNTIFS('100 Cims FEEC'!$C$5:$C$526,B23,'100 Cims FEEC'!$E$5:$E$526,"No essencial",'100 Cims FEEC'!$G$5:$G$526,"Sí") | H23: =IF(D23=0,"-",E23/D23) | K23: Asturias | L23: =COUNTIF('Els meus punts'!$A$5:$A$6,K23) | M23: =COUNTIFS('Els meus punts'!$A$5:$A$6,K23,'Els meus punts'!$F$5:$F$6,"<>") | N23: =COUNTIFS('Els meus punts'!$A$5:$A$6,K23,'Els meus punts'!$J$5:$J$6,"Principal")+COUNTIFS('Els meus punts'!$A$5:$A$6,K23,'Els meus punts'!$J$5:$J$6,"Secundari")
B24: Alt Penedès | C24: =COUNTIF('100 Cims FEEC'!$C$5:$C$526,B24) | D24: =COUNTIFS('100 Cims FEEC'!$C$5:$C$526,B24,'100 Cims FEEC'!$E$5:$E$526,"Essencial") | E24: =COUNTIFS('100 Cims FEEC'!$C$5:$C$526,B24,'100 Cims FEEC'!$E$5:$E$526,"Essencial",'100 Cims FEEC'!$G$5:$G$526,"Sí") | F24: =D24-E24 | G24: =COUNTIFS('100 Cims FEEC'!$C$5:$C$526,B24,'100 Cims FEEC'!$E$5:$E$526,"No essencial",'100 Cims FEEC'!$G$5:$G$526,"Sí") | H24: =IF(D24=0,"-",E24/D24) | K24: Galicia | L24: =COUNTIF('Els meus punts'!$A$5:$A$6,K24) | M24: =COUNTIFS('Els meus punts'!$A$5:$A$6,K24,'Els meus punts'!$F$5:$F$6,"<>") | N24: =COUNTIFS('Els meus punts'!$A$5:$A$6,K24,'Els meus punts'!$J$5:$J$6,"Principal")+COUNTIFS('Els meus punts'!$A$5:$A$6,K24,'Els meus punts'!$J$5:$J$6,"Secundari")
B25: Alt Urgell | C25: =COUNTIF('100 Cims FEEC'!$C$5:$C$526,B25) | D25: =COUNTIFS('100 Cims FEEC'!$C$5:$C$526,B25,'100 Cims FEEC'!$E$5:$E$526,"Essencial") | E25: =COUNTIFS('100 Cims FEEC'!$C$5:$C$526,B25,'100 Cims FEEC'!$E$5:$E$526,"Essencial",'100 Cims FEEC'!$G$5:$G$526,"Sí") | F25: =D25-E25 | G25: =COUNTIFS('100 Cims FEEC'!$C$5:$C$526,B25,'100 Cims FEEC'!$E$5:$E$526,"No essencial",'100 Cims FEEC'!$G$5:$G$526,"Sí") | H25: =IF(D25=0,"-",E25/D25) | K25: Cims | L25: =COUNTIF('Els meus punts'!$A$5:$A$6,K25) | M25: =COUNTIFS('Els meus punts'!$A$5:$A$6,K25,'Els meus punts'!$F$5:$F$6,"<>") | N25: =COUNTIFS('Els meus punts'!$A$5:$A$6,K25,'Els meus punts'!$J$5:$J$6,"Principal")+COUNTIFS('Els meus punts'!$A$5:$A$6,K25,'Els meus punts'!$J$5:$J$6,"Secundari")
B26: Alta Ribagorça | C26: =COUNTIF('100 Cims FEEC'!$C$5:$C$526,B26) | D26: =COUNTIFS('100 Cims FEEC'!$C$5:$C$526,B26,'100 Cims FEEC'!$E$5:$E$526,"Essencial") | E26: =COUNTIFS('100 Cims FEEC'!$C$5:$C$526,B26,'100 Cims FEEC'!$E$5:$E$526,"Essencial",'100 Cims FEEC'!$G$5:$G$526,"Sí") | F26: =D26-E26 | G26: =COUNTIFS('100 Cims FEEC'!$C$5:$C$526,B26,'100 Cims FEEC'!$E$5:$E$526,"No essencial",'100 Cims FEEC'!$G$5:$G$526,"Sí") | H26: =IF(D26=0,"-",E26/D26) | K26: Escalades | L26: =COUNTIF('Els meus punts'!$A$5:$A$6,K26) | M26: =COUNTIFS('Els meus punts'!$A$5:$A$6,K26,'Els meus punts'!$F$5:$F$6,"<>") | N26: =COUNTIFS('Els meus punts'!$A$5:$A$6,K26,'Els meus punts'!$J$5:$J$6,"Principal")+COUNTIFS('Els meus punts'!$A$5:$A$6,K26,'Els meus punts'!$J$5:$J$6,"Secundari")
B27: Andorra | C27: =COUNTIF('100 Cims FEEC'!$C$5:$C$526,B27) | D27: =COUNTIFS('100 Cims FEEC'!$C$5:$C$526,B27,'100 Cims FEEC'!$E$5:$E$526,"Essencial") | E27: =COUNTIFS('100 Cims FEEC'!$C$5:$C$526,B27,'100 Cims FEEC'!$E$5:$E$526,"Essencial",'100 Cims FEEC'!$G$5:$G$526,"Sí") | F27: =D27-E27 | G27: =COUNTIFS('100 Cims FEEC'!$C$5:$C$526,B27,'100 Cims FEEC'!$E$5:$E$526,"No essencial",'100 Cims FEEC'!$G$5:$G$526,"Sí") | H27: =IF(D27=0,"-",E27/D27) | K27: Ferrades | L27: =COUNTIF('Els meus punts'!$A$5:$A$6,K27) | M27: =COUNTIFS('Els meus punts'!$A$5:$A$6,K27,'Els meus punts'!$F$5:$F$6,"<>") | N27: =COUNTIFS('Els meus punts'!$A$5:$A$6,K27,'Els meus punts'!$J$5:$J$6,"Principal")+COUNTIFS('Els meus punts'!$A$5:$A$6,K27,'Els meus punts'!$J$5:$J$6,"Secundari")
B28: Anoia | C28: =COUNTIF('100 Cims FEEC'!$C$5:$C$526,B28) | D28: =COUNTIFS('100 Cims FEEC'!$C$5:$C$526,B28,'100 Cims FEEC'!$E$5:$E$526,"Essencial") | E28: =COUNTIFS('100 Cims FEEC'!$C$5:$C$526,B28,'100 Cims FEEC'!$E$5:$E$526,"Essencial",'100 Cims FEEC'!$G$5:$G$526,"Sí") | F28: =D28-E28 | G28: =COUNTIFS('100 Cims FEEC'!$C$5:$C$526,B28,'100 Cims FEEC'!$E$5:$E$526,"No essencial",'100 Cims FEEC'!$G$5:$G$526,"Sí") | H28: =IF(D28=0,"-",E28/D28) | K28: Alpinisme | L28: =COUNTIF('Els meus punts'!$A$5:$A$6,K28) | M28: =COUNTIFS('Els meus punts'!$A$5:$A$6,K28,'Els meus punts'!$F$5:$F$6,"<>") | N28: =COUNTIFS('Els meus punts'!$A$5:$A$6,K28,'Els meus punts'!$J$5:$J$6,"Principal")+COUNTIFS('Els meus punts'!$A$5:$A$6,K28,'Els meus punts'!$J$5:$J$6,"Secundari")
B29: Bages | C29: =COUNTIF('100 Cims FEEC'!$C$5:$C$526,B29) | D29: =COUNTIFS('100 Cims FEEC'!$C$5:$C$526,B29,'100 Cims FEEC'!$E$5:$E$526,"Essencial") | E29: =COUNTIFS('100 Cims FEEC'!$C$5:$C$526,B29,'100 Cims FEEC'!$E$5:$E$526,"Essencial",'100 Cims FEEC'!$G$5:$G$526,"Sí") | F29: =D29-E29 | G29: =COUNTIFS('100 Cims FEEC'!$C$5:$C$526,B29,'100 Cims FEEC'!$E$5:$E$526,"No essencial",'100 Cims FEEC'!$G$5:$G$526,"Sí") | H29: =IF(D29=0,"-",E29/D29) | K29: Projectes | L29: =COUNTIF('Els meus punts'!$A$5:$A$6,K29) | M29: =COUNTIFS('Els meus punts'!$A$5:$A$6,K29,'Els meus punts'!$F$5:$F$6,"<>") | N29: =COUNTIFS('Els meus punts'!$A$5:$A$6,K29,'Els meus punts'!$J$5:$J$6,"Principal")+COUNTIFS('Els meus punts'!$A$5:$A$6,K29,'Els meus punts'!$J$5:$J$6,"Secundari")
B30: Baix Camp | C30: =COUNTIF('100 Cims FEEC'!$C$5:$C$526,B30) | D30: =COUNTIFS('100 Cims FEEC'!$C$5:$C$526,B30,'100 Cims FEEC'!$E$5:$E$526,"Essencial") | E30: =COUNTIFS('100 Cims FEEC'!$C$5:$C$526,B30,'100 Cims FEEC'!$E$5:$E$526,"Essencial",'100 Cims FEEC'!$G$5:$G$526,"Sí") | F30: =D30-E30 | G30: =COUNTIFS('100 Cims FEEC'!$C$5:$C$526,B30,'100 Cims FEEC'!$E$5:$E$526,"No essencial",'100 Cims FEEC'!$G$5:$G$526,"Sí") | H30: =IF(D30=0,"-",E30/D30) | K30: Total | L30: =SUM(L22:L29) | M30: =SUM(M22:M29) | N30: =SUM(N22:N29)
B31: Baix Ebre | C31: =COUNTIF('100 Cims FEEC'!$C$5:$C$526,B31) | D31: =COUNTIFS('100 Cims FEEC'!$C$5:$C$526,B31,'100 Cims FEEC'!$E$5:$E$526,"Essencial") | E31: =COUNTIFS('100 Cims FEEC'!$C$5:$C$526,B31,'100 Cims FEEC'!$E$5:$E$526,"Essencial",'100 Cims FEEC'!$G$5:$G$526,"Sí") | F31: =D31-E31 | G31: =COUNTIFS('100 Cims FEEC'!$C$5:$C$526,B31,'100 Cims FEEC'!$E$5:$E$526,"No essencial",'100 Cims FEEC'!$G$5:$G$526,"Sí") | H31: =IF(D31=0,"-",E31/D31)
B32: Baix Empordà | C32: =COUNTIF('100 Cims FEEC'!$C$5:$C$526,B32) | D32: =COUNTIFS('100 Cims FEEC'!$C$5:$C$526,B32,'100 Cims FEEC'!$E$5:$E$526,"Essencial") | E32: =COUNTIFS('100 Cims FEEC'!$C$5:$C$526,B32,'100 Cims FEEC'!$E$5:$E$526,"Essencial",'100 Cims FEEC'!$G$5:$G$526,"Sí") | F32: =D32-E32 | G32: =COUNTIFS('100 Cims FEEC'!$C$5:$C$526,B32,'100 Cims FEEC'!$E$5:$E$526,"No essencial",'100 Cims FEEC'!$G$5:$G$526,"Sí") | H32: =IF(D32=0,"-",E32/D32)
B33: Baix Llobregat | C33: =COUNTIF('100 Cims FEEC'!$C$5:$C$526,B33) | D33: =COUNTIFS('100 Cims FEEC'!$C$5:$C$526,B33,'100 Cims FEEC'!$E$5:$E$526,"Essencial") | E33: =COUNTIFS('100 Cims FEEC'!$C$5:$C$526,B33,'100 Cims FEEC'!$E$5:$E$526,"Essencial",'100 Cims FEEC'!$G$5:$G$526,"Sí") | F33: =D33-E33 | G33: =COUNTIFS('100 Cims FEEC'!$C$5:$C$526,B33,'100 Cims FEEC'!$E$5:$E$526,"No essencial",'100 Cims FEEC'!$G$5:$G$526,"Sí") | H33: =IF(D33=0,"-",E33/D33) | K33: 3000 UIAA per zona
B34: Baix Penedès | C34: =COUNTIF('100 Cims FEEC'!$C$5:$C$526,B34) | D34: =COUNTIFS('100 Cims FEEC'!$C$5:$C$526,B34,'100 Cims FEEC'!$E$5:$E$526,"Essencial") | E34: =COUNTIFS('100 Cims FEEC'!$C$5:$C$526,B34,'100 Cims FEEC'!$E$5:$E$526,"Essencial",'100 Cims FEEC'!$G$5:$G$526,"Sí") | F34: =D34-E34 | G34: =COUNTIFS('100 Cims FEEC'!$C$5:$C$526,B34,'100 Cims FEEC'!$E$5:$E$526,"No essencial",'100 Cims FEEC'!$G$5:$G$526,"Sí") | H34: =IF(D34=0,"-",E34/D34) | K34: Zona | L34: Principals | M34: Princ. fets | N34: Secundaris | O34: Sec. fets | P34: % total
B35: Barcelonès | C35: =COUNTIF('100 Cims FEEC'!$C$5:$C$526,B35) | D35: =COUNTIFS('100 Cims FEEC'!$C$5:$C$526,B35,'100 Cims FEEC'!$E$5:$E$526,"Essencial") | E35: =COUNTIFS('100 Cims FEEC'!$C$5:$C$526,B35,'100 Cims FEEC'!$E$5:$E$526,"Essencial",'100 Cims FEEC'!$G$5:$G$526,"Sí") | F35: =D35-E35 | G35: =COUNTIFS('100 Cims FEEC'!$C$5:$C$526,B35,'100 Cims FEEC'!$E$5:$E$526,"No essencial",'100 Cims FEEC'!$G$5:$G$526,"Sí") | H35: =IF(D35=0,"-",E35/D35) | K35: Z1 · Balaitús-Infiernos | L35: =COUNTIFS('3000 Pirineu'!$D$5:$D$219,K35,'3000 Pirineu'!$E$5:$E$219,"Principal") | M35: =COUNTIFS('3000 Pirineu'!$D$5:$D$219,K35,'3000 Pirineu'!$E$5:$E$219,"Principal",'3000 Pirineu'!$G$5:$G$219,"Sí") | N35: =COUNTIFS('3000 Pirineu'!$D$5:$D$219,K35,'3000 Pirineu'!$E$5:$E$219,"Secundari") | O35: =COUNTIFS('3000 Pirineu'!$D$5:$D$219,K35,'3000 Pirineu'!$E$5:$E$219,"Secundari",'3000 Pirineu'!$G$5:$G$219,"Sí") | P35: =IF(L35+N35=0,0,(M35+O35)/(L35+N35))
B36: Berguedà | C36: =COUNTIF('100 Cims FEEC'!$C$5:$C$526,B36) | D36: =COUNTIFS('100 Cims FEEC'!$C$5:$C$526,B36,'100 Cims FEEC'!$E$5:$E$526,"Essencial") | E36: =COUNTIFS('100 Cims FEEC'!$C$5:$C$526,B36,'100 Cims FEEC'!$E$5:$E$526,"Essencial",'100 Cims FEEC'!$G$5:$G$526,"Sí") | F36: =D36-E36 | G36: =COUNTIFS('100 Cims FEEC'!$C$5:$C$526,B36,'100 Cims FEEC'!$E$5:$E$526,"No essencial",'100 Cims FEEC'!$G$5:$G$526,"Sí") | H36: =IF(D36=0,"-",E36/D36) | K36: Z2 · Vignemale | L36: =COUNTIFS('3000 Pirineu'!$D$5:$D$219,K36,'3000 Pirineu'!$E$5:$E$219,"Principal") | M36: =COUNTIFS('3000 Pirineu'!$D$5:$D$219,K36,'3000 Pirineu'!$E$5:$E$219,"Principal",'3000 Pirineu'!$G$5:$G$219,"Sí") | N36: =COUNTIFS('3000 Pirineu'!$D$5:$D$219,K36,'3000 Pirineu'!$E$5:$E$219,"Secundari") | O36: =COUNTIFS('3000 Pirineu'!$D$5:$D$219,K36,'3000 Pirineu'!$E$5:$E$219,"Secundari",'3000 Pirineu'!$G$5:$G$219,"Sí") | P36: =IF(L36+N36=0,0,(M36+O36)/(L36+N36))
B37: Capcir | C37: =COUNTIF('100 Cims FEEC'!$C$5:$C$526,B37) | D37: =COUNTIFS('100 Cims FEEC'!$C$5:$C$526,B37,'100 Cims FEEC'!$E$5:$E$526,"Essencial") | E37: =COUNTIFS('100 Cims FEEC'!$C$5:$C$526,B37,'100 Cims FEEC'!$E$5:$E$526,"Essencial",'100 Cims FEEC'!$G$5:$G$526,"Sí") | F37: =D37-E37 | G37: =COUNTIFS('100 Cims FEEC'!$C$5:$C$526,B37,'100 Cims FEEC'!$E$5:$E$526,"No essencial",'100 Cims FEEC'!$G$5:$G$526,"Sí") | H37: =IF(D37=0,"-",E37/D37) | K37: Z3 · Monte Perdido | L37: =COUNTIFS('3000 Pirineu'!$D$5:$D$219,K37,'3000 Pirineu'!$E$5:$E$219,"Principal") | M37: =COUNTIFS('3000 Pirineu'!$D$5:$D$219,K37,'3000 Pirineu'!$E$5:$E$219,"Principal",'3000 Pirineu'!$G$5:$G$219,"Sí") | N37: =COUNTIFS('3000 Pirineu'!$D$5:$D$219,K37,'3000 Pirineu'!$E$5:$E$219,"Secundari") | O37: =COUNTIFS('3000 Pirineu'!$D$5:$D$219,K37,'3000 Pirineu'!$E$5:$E$219,"Secundari",'3000 Pirineu'!$G$5:$G$219,"Sí") | P37: =IF(L37+N37=0,0,(M37+O37)/(L37+N37))
B38: Cerdanya | C38: =COUNTIF('100 Cims FEEC'!$C$5:$C$526,B38) | D38: =COUNTIFS('100 Cims FEEC'!$C$5:$C$526,B38,'100 Cims FEEC'!$E$5:$E$526,"Essencial") | E38: =COUNTIFS('100 Cims FEEC'!$C$5:$C$526,B38,'100 Cims FEEC'!$E$5:$E$526,"Essencial",'100 Cims FEEC'!$G$5:$G$526,"Sí") | F38: =D38-E38 | G38: =COUNTIFS('100 Cims FEEC'!$C$5:$C$526,B38,'100 Cims FEEC'!$E$5:$E$526,"No essencial",'100 Cims FEEC'!$G$5:$G$526,"Sí") | H38: =IF(D38=0,"-",E38/D38) | K38: Z4 · La Munia | L38: =COUNTIFS('3000 Pirineu'!$D$5:$D$219,K38,'3000 Pirineu'!$E$5:$E$219,"Principal") | M38: =COUNTIFS('3000 Pirineu'!$D$5:$D$219,K38,'3000 Pirineu'!$E$5:$E$219,"Principal",'3000 Pirineu'!$G$5:$G$219,"Sí") | N38: =COUNTIFS('3000 Pirineu'!$D$5:$D$219,K38,'3000 Pirineu'!$E$5:$E$219,"Secundari") | O38: =COUNTIFS('3000 Pirineu'!$D$5:$D$219,K38,'3000 Pirineu'!$E$5:$E$219,"Secundari",'3000 Pirineu'!$G$5:$G$219,"Sí") | P38: =IF(L38+N38=0,0,(M38+O38)/(L38+N38))
B39: Cerdanya Nord | C39: =COUNTIF('100 Cims FEEC'!$C$5:$C$526,B39) | D39: =COUNTIFS('100 Cims FEEC'!$C$5:$C$526,B39,'100 Cims FEEC'!$E$5:$E$526,"Essencial") | E39: =COUNTIFS('100 Cims FEEC'!$C$5:$C$526,B39,'100 Cims FEEC'!$E$5:$E$526,"Essencial",'100 Cims FEEC'!$G$5:$G$526,"Sí") | F39: =D39-E39 | G39: =COUNTIFS('100 Cims FEEC'!$C$5:$C$526,B39,'100 Cims FEEC'!$E$5:$E$526,"No essencial",'100 Cims FEEC'!$G$5:$G$526,"Sí") | H39: =IF(D39=0,"-",E39/D39) | K39: Z5 · Néouvielle | L39: =COUNTIFS('3000 Pirineu'!$D$5:$D$219,K39,'3000 Pirineu'!$E$5:$E$219,"Principal") | M39: =COUNTIFS('3000 Pirineu'!$D$5:$D$219,K39,'3000 Pirineu'!$E$5:$E$219,"Principal",'3000 Pirineu'!$G$5:$G$219,"Sí") | N39: =COUNTIFS('3000 Pirineu'!$D$5:$D$219,K39,'3000 Pirineu'!$E$5:$E$219,"Secundari") | O39: =COUNTIFS('3000 Pirineu'!$D$5:$D$219,K39,'3000 Pirineu'!$E$5:$E$219,"Secundari",'3000 Pirineu'!$G$5:$G$219,"Sí") | P39: =IF(L39+N39=0,0,(M39+O39)/(L39+N39))
B40: Conca de Barberà | C40: =COUNTIF('100 Cims FEEC'!$C$5:$C$526,B40) | D40: =COUNTIFS('100 Cims FEEC'!$C$5:$C$526,B40,'100 Cims FEEC'!$E$5:$E$526,"Essencial") | E40: =COUNTIFS('100 Cims FEEC'!$C$5:$C$526,B40,'100 Cims FEEC'!$E$5:$E$526,"Essencial",'100 Cims FEEC'!$G$5:$G$526,"Sí") | F40: =D40-E40 | G40: =COUNTIFS('100 Cims FEEC'!$C$5:$C$526,B40,'100 Cims FEEC'!$E$5:$E$526,"No essencial",'100 Cims FEEC'!$G$5:$G$526,"Sí") | H40: =IF(D40=0,"-",E40/D40) | K40: Z6 · Bachimala | L40: =COUNTIFS('3000 Pirineu'!$D$5:$D$219,K40,'3000 Pirineu'!$E$5:$E$219,"Principal") | M40: =COUNTIFS('3000 Pirineu'!$D$5:$D$219,K40,'3000 Pirineu'!$E$5:$E$219,"Principal",'3000 Pirineu'!$G$5:$G$219,"Sí") | N40: =COUNTIFS('3000 Pirineu'!$D$5:$D$219,K40,'3000 Pirineu'!$E$5:$E$219,"Secundari") | O40: =COUNTIFS('3000 Pirineu'!$D$5:$D$219,K40,'3000 Pirineu'!$E$5:$E$219,"Secundari",'3000 Pirineu'!$G$5:$G$219,"Sí") | P40: =IF(L40+N40=0,0,(M40+O40)/(L40+N40))
B41: Conflent | C41: =COUNTIF('100 Cims FEEC'!$C$5:$C$526,B41) | D41: =COUNTIFS('100 Cims FEEC'!$C$5:$C$526,B41,'100 Cims FEEC'!$E$5:$E$526,"Essencial") | E41: =COUNTIFS('100 Cims FEEC'!$C$5:$C$526,B41,'100 Cims FEEC'!$E$5:$E$526,"Essencial",'100 Cims FEEC'!$G$5:$G$526,"Sí") | F41: =D41-E41 | G41: =COUNTIFS('100 Cims FEEC'!$C$5:$C$526,B41,'100 Cims FEEC'!$E$5:$E$526,"No essencial",'100 Cims FEEC'!$G$5:$G$526,"Sí") | H41: =IF(D41=0,"-",E41/D41) | K41: Z7 · Posets-Eriste | L41: =COUNTIFS('3000 Pirineu'!$D$5:$D$219,K41,'3000 Pirineu'!$E$5:$E$219,"Principal") | M41: =COUNTIFS('3000 Pirineu'!$D$5:$D$219,K41,'3000 Pirineu'!$E$5:$E$219,"Principal",'3000 Pirineu'!$G$5:$G$219,"Sí") | N41: =COUNTIFS('3000 Pirineu'!$D$5:$D$219,K41,'3000 Pirineu'!$E$5:$E$219,"Secundari") | O41: =COUNTIFS('3000 Pirineu'!$D$5:$D$219,K41,'3000 Pirineu'!$E$5:$E$219,"Secundari",'3000 Pirineu'!$G$5:$G$219,"Sí") | P41: =IF(L41+N41=0,0,(M41+O41)/(L41+N41))
B42: Garrigues | C42: =COUNTIF('100 Cims FEEC'!$C$5:$C$526,B42) | D42: =COUNTIFS('100 Cims FEEC'!$C$5:$C$526,B42,'100 Cims FEEC'!$E$5:$E$526,"Essencial") | E42: =COUNTIFS('100 Cims FEEC'!$C$5:$C$526,B42,'100 Cims FEEC'!$E$5:$E$526,"Essencial",'100 Cims FEEC'!$G$5:$G$526,"Sí") | F42: =D42-E42 | G42: =COUNTIFS('100 Cims FEEC'!$C$5:$C$526,B42,'100 Cims FEEC'!$E$5:$E$526,"No essencial",'100 Cims FEEC'!$G$5:$G$526,"Sí") | H42: =IF(D42=0,"-",E42/D42) | K42: Z8 · Clarabide-Perdiguero | L42: =COUNTIFS('3000 Pirineu'!$D$5:$D$219,K42,'3000 Pirineu'!$E$5:$E$219,"Principal") | M42: =COUNTIFS('3000 Pirineu'!$D$5:$D$219,K42,'3000 Pirineu'!$E$5:$E$219,"Principal",'3000 Pirineu'!$G$5:$G$219,"Sí") | N42: =COUNTIFS('3000 Pirineu'!$D$5:$D$219,K42,'3000 Pirineu'!$E$5:$E$219,"Secundari") | O42: =COUNTIFS('3000 Pirineu'!$D$5:$D$219,K42,'3000 Pirineu'!$E$5:$E$219,"Secundari",'3000 Pirineu'!$G$5:$G$219,"Sí") | P42: =IF(L42+N42=0,0,(M42+O42)/(L42+N42))
B43: Garrotxa | C43: =COUNTIF('100 Cims FEEC'!$C$5:$C$526,B43) | D43: =COUNTIFS('100 Cims FEEC'!$C$5:$C$526,B43,'100 Cims FEEC'!$E$5:$E$526,"Essencial") | E43: =COUNTIFS('100 Cims FEEC'!$C$5:$C$526,B43,'100 Cims FEEC'!$E$5:$E$526,"Essencial",'100 Cims FEEC'!$G$5:$G$526,"Sí") | F43: =D43-E43 | G43: =COUNTIFS('100 Cims FEEC'!$C$5:$C$526,B43,'100 Cims FEEC'!$E$5:$E$526,"No essencial",'100 Cims FEEC'!$G$5:$G$526,"Sí") | H43: =IF(D43=0,"-",E43/D43) | K43: Z9 · Maladeta-Aneto | L43: =COUNTIFS('3000 Pirineu'!$D$5:$D$219,K43,'3000 Pirineu'!$E$5:$E$219,"Principal") | M43: =COUNTIFS('3000 Pirineu'!$D$5:$D$219,K43,'3000 Pirineu'!$E$5:$E$219,"Principal",'3000 Pirineu'!$G$5:$G$219,"Sí") | N43: =COUNTIFS('3000 Pirineu'!$D$5:$D$219,K43,'3000 Pirineu'!$E$5:$E$219,"Secundari") | O43: =COUNTIFS('3000 Pirineu'!$D$5:$D$219,K43,'3000 Pirineu'!$E$5:$E$219,"Secundari",'3000 Pirineu'!$G$5:$G$219,"Sí") | P43: =IF(L43+N43=0,0,(M43+O43)/(L43+N43))
B44: Gironès | C44: =COUNTIF('100 Cims FEEC'!$C$5:$C$526,B44) | D44: =COUNTIFS('100 Cims FEEC'!$C$5:$C$526,B44,'100 Cims FEEC'!$E$5:$E$526,"Essencial") | E44: =COUNTIFS('100 Cims FEEC'!$C$5:$C$526,B44,'100 Cims FEEC'!$E$5:$E$526,"Essencial",'100 Cims FEEC'!$G$5:$G$526,"Sí") | F44: =D44-E44 | G44: =COUNTIFS('100 Cims FEEC'!$C$5:$C$526,B44,'100 Cims FEEC'!$E$5:$E$526,"No essencial",'100 Cims FEEC'!$G$5:$G$526,"Sí") | H44: =IF(D44=0,"-",E44/D44) | K44: Z10 · Besiberri | L44: =COUNTIFS('3000 Pirineu'!$D$5:$D$219,K44,'3000 Pirineu'!$E$5:$E$219,"Principal") | M44: =COUNTIFS('3000 Pirineu'!$D$5:$D$219,K44,'3000 Pirineu'!$E$5:$E$219,"Principal",'3000 Pirineu'!$G$5:$G$219,"Sí") | N44: =COUNTIFS('3000 Pirineu'!$D$5:$D$219,K44,'3000 Pirineu'!$E$5:$E$219,"Secundari") | O44: =COUNTIFS('3000 Pirineu'!$D$5:$D$219,K44,'3000 Pirineu'!$E$5:$E$219,"Secundari",'3000 Pirineu'!$G$5:$G$219,"Sí") | P44: =IF(L44+N44=0,0,(M44+O44)/(L44+N44))
B45: Lluçanès | C45: =COUNTIF('100 Cims FEEC'!$C$5:$C$526,B45) | D45: =COUNTIFS('100 Cims FEEC'!$C$5:$C$526,B45,'100 Cims FEEC'!$E$5:$E$526,"Essencial") | E45: =COUNTIFS('100 Cims FEEC'!$C$5:$C$526,B45,'100 Cims FEEC'!$E$5:$E$526,"Essencial",'100 Cims FEEC'!$G$5:$G$526,"Sí") | F45: =D45-E45 | G45: =COUNTIFS('100 Cims FEEC'!$C$5:$C$526,B45,'100 Cims FEEC'!$E$5:$E$526,"No essencial",'100 Cims FEEC'!$G$5:$G$526,"Sí") | H45: =IF(D45=0,"-",E45/D45) | K45: Z11 · Montcalm-Estats | L45: =COUNTIFS('3000 Pirineu'!$D$5:$D$219,K45,'3000 Pirineu'!$E$5:$E$219,"Principal") | M45: =COUNTIFS('3000 Pirineu'!$D$5:$D$219,K45,'3000 Pirineu'!$E$5:$E$219,"Principal",'3000 Pirineu'!$G$5:$G$219,"Sí") | N45: =COUNTIFS('3000 Pirineu'!$D$5:$D$219,K45,'3000 Pirineu'!$E$5:$E$219,"Secundari") | O45: =COUNTIFS('3000 Pirineu'!$D$5:$D$219,K45,'3000 Pirineu'!$E$5:$E$219,"Secundari",'3000 Pirineu'!$G$5:$G$219,"Sí") | P45: =IF(L45+N45=0,0,(M45+O45)/(L45+N45))
B46: Maresme | C46: =COUNTIF('100 Cims FEEC'!$C$5:$C$526,B46) | D46: =COUNTIFS('100 Cims FEEC'!$C$5:$C$526,B46,'100 Cims FEEC'!$E$5:$E$526,"Essencial") | E46: =COUNTIFS('100 Cims FEEC'!$C$5:$C$526,B46,'100 Cims FEEC'!$E$5:$E$526,"Essencial",'100 Cims FEEC'!$G$5:$G$526,"Sí") | F46: =D46-E46 | G46: =COUNTIFS('100 Cims FEEC'!$C$5:$C$526,B46,'100 Cims FEEC'!$E$5:$E$526,"No essencial",'100 Cims FEEC'!$G$5:$G$526,"Sí") | H46: =IF(D46=0,"-",E46/D46)
B47: Moianès | C47: =COUNTIF('100 Cims FEEC'!$C$5:$C$526,B47) | D47: =COUNTIFS('100 Cims FEEC'!$C$5:$C$526,B47,'100 Cims FEEC'!$E$5:$E$526,"Essencial") | E47: =COUNTIFS('100 Cims FEEC'!$C$5:$C$526,B47,'100 Cims FEEC'!$E$5:$E$526,"Essencial",'100 Cims FEEC'!$G$5:$G$526,"Sí") | F47: =D47-E47 | G47: =COUNTIFS('100 Cims FEEC'!$C$5:$C$526,B47,'100 Cims FEEC'!$E$5:$E$526,"No essencial",'100 Cims FEEC'!$G$5:$G$526,"Sí") | H47: =IF(D47=0,"-",E47/D47)
B48: Montsià | C48: =COUNTIF('100 Cims FEEC'!$C$5:$C$526,B48) | D48: =COUNTIFS('100 Cims FEEC'!$C$5:$C$526,B48,'100 Cims FEEC'!$E$5:$E$526,"Essencial") | E48: =COUNTIFS('100 Cims FEEC'!$C$5:$C$526,B48,'100 Cims FEEC'!$E$5:$E$526,"Essencial",'100 Cims FEEC'!$G$5:$G$526,"Sí") | F48: =D48-E48 | G48: =COUNTIFS('100 Cims FEEC'!$C$5:$C$526,B48,'100 Cims FEEC'!$E$5:$E$526,"No essencial",'100 Cims FEEC'!$G$5:$G$526,"Sí") | H48: =IF(D48=0,"-",E48/D48)
B49: Noguera | C49: =COUNTIF('100 Cims FEEC'!$C$5:$C$526,B49) | D49: =COUNTIFS('100 Cims FEEC'!$C$5:$C$526,B49,'100 Cims FEEC'!$E$5:$E$526,"Essencial") | E49: =COUNTIFS('100 Cims FEEC'!$C$5:$C$526,B49,'100 Cims FEEC'!$E$5:$E$526,"Essencial",'100 Cims FEEC'!$G$5:$G$526,"Sí") | F49: =D49-E49 | G49: =COUNTIFS('100 Cims FEEC'!$C$5:$C$526,B49,'100 Cims FEEC'!$E$5:$E$526,"No essencial",'100 Cims FEEC'!$G$5:$G$526,"Sí") | H49: =IF(D49=0,"-",E49/D49)
B50: Osona | C50: =COUNTIF('100 Cims FEEC'!$C$5:$C$526,B50) | D50: =COUNTIFS('100 Cims FEEC'!$C$5:$C$526,B50,'100 Cims FEEC'!$E$5:$E$526,"Essencial") | E50: =COUNTIFS('100 Cims FEEC'!$C$5:$C$526,B50,'100 Cims FEEC'!$E$5:$E$526,"Essencial",'100 Cims FEEC'!$G$5:$G$526,"Sí") | F50: =D50-E50 | G50: =COUNTIFS('100 Cims FEEC'!$C$5:$C$526,B50,'100 Cims FEEC'!$E$5:$E$526,"No essencial",'100 Cims FEEC'!$G$5:$G$526,"Sí") | H50: =IF(D50=0,"-",E50/D50)
B51: Pallars Jussà | C51: =COUNTIF('100 Cims FEEC'!$C$5:$C$526,B51) | D51: =COUNTIFS('100 Cims FEEC'!$C$5:$C$526,B51,'100 Cims FEEC'!$E$5:$E$526,"Essencial") | E51: =COUNTIFS('100 Cims FEEC'!$C$5:$C$526,B51,'100 Cims FEEC'!$E$5:$E$526,"Essencial",'100 Cims FEEC'!$G$5:$G$526,"Sí") | F51: =D51-E51 | G51: =COUNTIFS('100 Cims FEEC'!$C$5:$C$526,B51,'100 Cims FEEC'!$E$5:$E$526,"No essencial",'100 Cims FEEC'!$G$5:$G$526,"Sí") | H51: =IF(D51=0,"-",E51/D51)
B52: Pallars Sobirà | C52: =COUNTIF('100 Cims FEEC'!$C$5:$C$526,B52) | D52: =COUNTIFS('100 Cims FEEC'!$C$5:$C$526,B52,'100 Cims FEEC'!$E$5:$E$526,"Essencial") | E52: =COUNTIFS('100 Cims FEEC'!$C$5:$C$526,B52,'100 Cims FEEC'!$E$5:$E$526,"Essencial",'100 Cims FEEC'!$G$5:$G$526,"Sí") | F52: =D52-E52 | G52: =COUNTIFS('100 Cims FEEC'!$C$5:$C$526,B52,'100 Cims FEEC'!$E$5:$E$526,"No essencial",'100 Cims FEEC'!$G$5:$G$526,"Sí") | H52: =IF(D52=0,"-",E52/D52)
B53: Pla d'Urgell | C53: =COUNTIF('100 Cims FEEC'!$C$5:$C$526,B53) | D53: =COUNTIFS('100 Cims FEEC'!$C$5:$C$526,B53,'100 Cims FEEC'!$E$5:$E$526,"Essencial") | E53: =COUNTIFS('100 Cims FEEC'!$C$5:$C$526,B53,'100 Cims FEEC'!$E$5:$E$526,"Essencial",'100 Cims FEEC'!$G$5:$G$526,"Sí") | F53: =D53-E53 | G53: =COUNTIFS('100 Cims FEEC'!$C$5:$C$526,B53,'100 Cims FEEC'!$E$5:$E$526,"No essencial",'100 Cims FEEC'!$G$5:$G$526,"Sí") | H53: =IF(D53=0,"-",E53/D53)
B54: Pla de l'Estany | C54: =COUNTIF('100 Cims FEEC'!$C$5:$C$526,B54) | D54: =COUNTIFS('100 Cims FEEC'!$C$5:$C$526,B54,'100 Cims FEEC'!$E$5:$E$526,"Essencial") | E54: =COUNTIFS('100 Cims FEEC'!$C$5:$C$526,B54,'100 Cims FEEC'!$E$5:$E$526,"Essencial",'100 Cims FEEC'!$G$5:$G$526,"Sí") | F54: =D54-E54 | G54: =COUNTIFS('100 Cims FEEC'!$C$5:$C$526,B54,'100 Cims FEEC'!$E$5:$E$526,"No essencial",'100 Cims FEEC'!$G$5:$G$526,"Sí") | H54: =IF(D54=0,"-",E54/D54)
B55: Priorat | C55: =COUNTIF('100 Cims FEEC'!$C$5:$C$526,B55) | D55: =COUNTIFS('100 Cims FEEC'!$C$5:$C$526,B55,'100 Cims FEEC'!$E$5:$E$526,"Essencial") | E55: =COUNTIFS('100 Cims FEEC'!$C$5:$C$526,B55,'100 Cims FEEC'!$E$5:$E$526,"Essencial",'100 Cims FEEC'!$G$5:$G$526,"Sí") | F55: =D55-E55 | G55: =COUNTIFS('100 Cims FEEC'!$C$5:$C$526,B55,'100 Cims FEEC'!$E$5:$E$526,"No essencial",'100 Cims FEEC'!$G$5:$G$526,"Sí") | H55: =IF(D55=0,"-",E55/D55)
B56: Ribera d'Ebre | C56: =COUNTIF('100 Cims FEEC'!$C$5:$C$526,B56) | D56: =COUNTIFS('100 Cims FEEC'!$C$5:$C$526,B56,'100 Cims FEEC'!$E$5:$E$526,"Essencial") | E56: =COUNTIFS('100 Cims FEEC'!$C$5:$C$526,B56,'100 Cims FEEC'!$E$5:$E$526,"Essencial",'100 Cims FEEC'!$G$5:$G$526,"Sí") | F56: =D56-E56 | G56: =COUNTIFS('100 Cims FEEC'!$C$5:$C$526,B56,'100 Cims FEEC'!$E$5:$E$526,"No essencial",'100 Cims FEEC'!$G$5:$G$526,"Sí") | H56: =IF(D56=0,"-",E56/D56)
B57: Ripollès | C57: =COUNTIF('100 Cims FEEC'!$C$5:$C$526,B57) | D57: =COUNTIFS('100 Cims FEEC'!$C$5:$C$526,B57,'100 Cims FEEC'!$E$5:$E$526,"Essencial") | E57: =COUNTIFS('100 Cims FEEC'!$C$5:$C$526,B57,'100 Cims FEEC'!$E$5:$E$526,"Essencial",'100 Cims FEEC'!$G$5:$G$526,"Sí") | F57: =D57-E57 | G57: =COUNTIFS('100 Cims FEEC'!$C$5:$C$526,B57,'100 Cims FEEC'!$E$5:$E$526,"No essencial",'100 Cims FEEC'!$G$5:$G$526,"Sí") | H57: =IF(D57=0,"-",E57/D57)
... B69: Vallespir | C69: =COUNTIF('100 Cims FEEC'!$C$5:$C$526,B69) | D69: =COUNTIFS('100 Cims FEEC'!$C$5:$C$526,B69,'100 Cims FEEC'!$E$5:$E$526,"Essencial") | E69: =COUNTIFS('100 Cims FEEC'!$C$5:$C$526,B69,'100 Cims FEEC'!$E$5:$E$526,"Essencial",'100 Cims FEEC'!$G$5:$G$526,"Sí") | F69: =D69-E69 | G69: =COUNTIFS('100 Cims FEEC'!$C$5:$C$526,B69,'100 Cims FEEC'!$E$5:$E$526,"No essencial",'100 Cims FEEC'!$G$5:$G$526,"Sí") | H69: =IF(D69=0,"-",E69/D69)
B70: Total | C70: =SUBTOTAL(109,C22:C69) | D70: =SUBTOTAL(109,D22:D69) | E70: =SUBTOTAL(109,E22:E69) | F70: =SUBTOTAL(109,F22:F69) | G70: =SUBTOTAL(109,G22:G69) | H70: =IF(D70=0,"-",E70/D70)

Sheet 100 Cims FEEC
A1: Repte dels 100 Cims · Llista FEEC
A2: 522 cims · 150 essencials · columnes grogues editables («Assolit» Sí/No i «Data», que es pot deixar en blanc) · ordenat per comarca i altitud
A4: Cim | B4: Altitud (m) | C4: Comarca principal | D4: Comarques / territoris | E4: Tipus | F4: Sostre comarcal | G4: Assolit | H4: Data | I4: Punt(s) al meu KMZ | J4: Latitud | K4: Longitud | L4: Fitxa FEEC | M4: Mapa | N4: Ascensions | O4: Dates de les ascensions
A5: Montagut d’Ancosa | B5: 963 | C5: Alt Camp | D5: Alt Camp | E5: No essencial | J5: 41.40688 | K5: 1.42226 | L5: Fitxa ↗ | M5: Mapa ↗
A6: El Cogulló de Cabra | B6: 881 | C6: Alt Camp | D6: Alt Camp | E6: Essencial | J6: 41.42904 | K6: 1.30576 | L6: Fitxa ↗ | M6: Mapa ↗
A7: El Tossal Gros | B7: 867 | C7: Alt Camp | D7: Alt Camp, Conca de Barberà | E7: Essencial | J7: 41.37536 | K7: 1.23939 | L7: Fitxa ↗ | M7: Mapa ↗
A8: La Cogulla | B8: 786 | C8: Alt Camp | D8: Alt Camp, Conca de Barberà | E8: No essencial | J8: 41.3488 | K8: 1.22483 | L8: Fitxa ↗ | M8: Mapa ↗
A9: Puigcabrer | B9: 524 | C9: Alt Camp | D9: Alt Camp | E9: No essencial | J9: 41.31533 | K9: 1.19129 | L9: Fitxa ↗ | M9: Mapa ↗
A10: Tossa Grossa de Montferri | B10: 387 | C10: Alt Camp | D10: Alt Camp | E10: Essencial | J10: 41.25345 | K10: 1.37048 | L10: Fitxa ↗ | M10: Mapa ↗
A11: Roc del Comptador | B11: 1451 | C11: Alt Empordà | D11: Alt Empordà, Vallespir | E11: Essencial | F11: Alt Empordà | J11: 42.42279 | K11: 2.72729 | L11: Fitxa ↗ | M11: Mapa ↗
A12: Puig de les Bruixes | B12: 1391 | C12: Alt Empordà | D12: Alt Empordà, Garrotxa | E12: No essencial | J12: 42.32449 | K12: 2.5555 | L12: Fitxa ↗ | M12: Mapa ↗
A13: Bassegoda | B13: 1373 | C13: Alt Empordà | D13: Alt Empordà, Garrotxa | E13: Essencial | J13: 42.3128 | K13: 2.63073 | L13: Fitxa ↗ | M13: Mapa ↗
A14: Puig Neulós | B14: 1257 | C14: Alt Empordà | D14: Alt Empordà, Rosselló | E14: Essencial | J14: 42.4821 | K14: 2.94711 | L14: Fitxa ↗ | M14: Mapa ↗
A15: El Mont | B15: 1125 | C15: Alt Empordà | D15: Alt Empordà | E15: Essencial | J15: 42.25885 | K15: 2.7063 | L15: Fitxa ↗ | M15: Mapa ↗
A16: Puig Falcó | B16: 1097 | C16: Alt Empordà | D16: Alt Empordà | E16: No essencial | J16: 42.37529 | K16: 2.66709 | L16: Fitxa ↗ | M16: Mapa ↗
A17: Tossa d’Espinau | B17: 1087 | C17: Alt Empordà | D17: Alt Empordà, Garrotxa | E17: No essencial | J17: 42.27343 | K17: 2.69285 | L17: Fitxa ↗ | M17: Mapa ↗
A18: Puig de la Gavarra | B18: 1057 | C18: Alt Empordà | D18: Alt Empordà | E18: No essencial | J18: 42.36073 | K18: 2.69685 | L18: Fitxa ↗ | M18: Mapa ↗
A19: Pic de Sallafort | B19: 994 | C19: Alt Empordà | D19: Alt Empordà, Rosselló | E19: No essencial | J19: 42.47347 | K19: 3.03804 | L19: Fitxa ↗ | M19: Mapa ↗
A20: Puig dels Pruners | B20: 832 | C20: Alt Empordà | D20: Alt Empordà, Vallespir | E20: No essencial | J20: 42.428 | K20: 2.80294 | L20: Fitxa ↗ | M20: Mapa ↗
A21: Puig d’en Jordà | B21: 754 | C21: Alt Empordà | D21: Alt Empordà, Rosselló | E21: No essencial | J21: 42.42776 | K21: 3.08205 | L21: Fitxa ↗ | M21: Mapa ↗
A22: Castell Saverdera | B22: 682 | C22: Alt Empordà | D22: Alt Empordà | E22: Essencial | J22: 42.31997 | K22: 3.16782 | L22: Fitxa ↗ | M22: Mapa ↗
A23: Querroig | B23: 672 | C23: Alt Empordà | D23: Alt Empordà, Rosselló | E23: No essencial | J23: 42.43826 | K23: 3.12093 | L23: Fitxa ↗ | M23: Mapa ↗
... A32: Puig d’Agulles | B32: 653 | C32: Alt Penedès | D32: Alt Penedès, Baix Llobregat | E32: No essencial | J32: 41.40808 | K32: 1.88498 | L32: Fitxa ↗ | M32: Mapa ↗
A33: Puig de la Mola | B33: 534 | C33: Alt Penedès | D33: Alt Penedès, Baix Llobregat, Garraf | E33: No essencial | F33: Garraf | J33: 41.31932 | K33: 1.84785 | L33: Fitxa ↗ | M33: Mapa ↗
A34: El Castellot | B34: 465 | C34: Alt Penedès | D34: Alt Penedès | E34: Essencial | J34: 41.33759 | K34: 1.57863 | L34: Fitxa ↗ | M34: Mapa ↗
A35: Puig de l’Àliga | B35: 464 | C35: Alt Penedès | D35: Alt Penedès, Garraf | E35: Essencial | J35: 41.28387 | K35: 1.69738 | L35: Fitxa ↗ | M35: Mapa ↗
A36: Penya del Papiol | B36: 381 | C36: Alt Penedès | D36: Alt Penedès | E36: Essencial | J36: 41.32295 | K36: 1.74385 | L36: Fitxa ↗ | M36: Mapa ↗
A37: Pic de Salòria | B37: 2789 | C37: Alt Urgell | D37: Alt Urgell, Pallars Sobirà | E37: Essencial | F37: Alt Urgell | J37: 42.51445 | K37: 1.38514 | L37: Fitxa ↗ | M37: Mapa ↗
A38: Monturull | B38: 2760 | C38: Alt Urgell | D38: Alt Urgell, Andorra, Cerdanya | E38: Essencial | J38: 42.44995 | K38: 1.581 | L38: Fitxa ↗ | M38: Mapa ↗
A39: Vulturó | B39: 2649 | C39: Alt Urgell | D39: Alt Urgell | E39: Essencial | J39: 42.28578 | K39: 1.63643 | L39: Fitxa ↗ | M39: Mapa ↗
A40: Pic de Costa Cabirolera | B40: 2604 | C40: Alt Urgell | D40: Alt Urgell, Berguedà, Cerdanya | E40: No essencial | F40: Berguedà | J40: 42.28146 | K40: 1.67042 | L40: Fitxa ↗ | M40: Mapa ↗
A41: Torreta del Cadí | B41: 2562 | C41: Alt Urgell | D41: Alt Urgell | E41: No essencial | J41: 42.28707 | K41: 1.5842 | L41: Fitxa ↗ | M41: Mapa ↗
A42: Turó Punçó | B42: 2493 | C42: Alt Urgell | D42: Alt Urgell, Cerdanya | E42: No essencial | J42: 42.42455 | K42: 1.60099 | L42: Fitxa ↗ | M42: Mapa ↗
A43: Bony de la Pica o Pica d’Os | B43: 2405 | C43: Alt Urgell | D43: Alt Urgell, Andorra | E43: Essencial | J43: 42.5048 | K43: 1.4604 | L43: Fitxa ↗ | M43: Mapa ↗
A44: Pedró dels Quatre Batlles | B44: 2387 | C44: Alt Urgell | D44: Alt Urgell, Solsonès | E44: No essencial | F44: Solsonès | J44: 42.1848 | K44: 1.52091 | L44: Fitxa ↗ | M44: Mapa ↗
A45: Cap del Verd | B45: 2284 | C45: Alt Urgell | D45: Alt Urgell, Berguedà, Solsonès | E45: Essencial | J45: 42.20081 | K45: 1.61371 | L45: Fitxa ↗ | M45: Mapa ↗
A46: Mirador del Pla de Llet | B46: 2141 | C46: Alt Urgell | D46: Alt Urgell, Cerdanya | E46: No essencial | J46: 42.40455 | K46: 1.63295 | L46: Fitxa ↗ | M46: Mapa ↗
A47: El Cadinell | B47: 2113 | C47: Alt Urgell | D47: Alt Urgell | E47: No essencial | J47: 42.26439 | K47: 1.59782 | L47: Fitxa ↗ | M47: Mapa ↗
A48: Roc Roi | B48: 2020 | C48: Alt Urgell | D48: Alt Urgell | E48: No essencial | J48: 42.43535 | K48: 1.33829 | L48: Fitxa ↗ | M48: Mapa ↗
A49: Les Piques | B49: 1969 | C49: Alt Urgell | D49: Alt Urgell | E49: No essencial | J49: 42.32097 | K49: 1.17585 | L49: Fitxa ↗ | M49: Mapa ↗
A50: Roca de Migdia (Serra del Verd) | B50: 1870 | C50: Alt Urgell | D50: Alt Urgell, Solsonès | E50: No essencial | J50: 42.20793 | K50: 1.56814 | L50: Fitxa ↗ | M50: Mapa ↗
A51: Cap de Pla Redon | B51: 1846 | C51: Alt Urgell | D51: Alt Urgell | E51: No essencial | J51: 42.27553 | K51: 1.26702 | L51: Fitxa ↗ | M51: Mapa ↗
A52: Tossal de Badés | B52: 1818 | C52: Alt Urgell | D52: Alt Urgell | E52: No essencial | J52: 42.32375 | K52: 1.62499 | L52: Fitxa ↗ | M52: Mapa ↗
A53: l’Oratori | B53: 1757 | C53: Alt Urgell | D53: Alt Urgell | E53: No essencial | J53: 42.20137 | K53: 1.21832 | L53: Fitxa ↗ | M53: Mapa ↗
A54: Roc Beneïdor | B54: 1681 | C54: Alt Urgell | D54: Alt Urgell | E54: No essencial | J54: 42.37122 | K54: 1.5605 | L54: Fitxa ↗ | M54: Mapa ↗
A55: Tossal de Lletó | B55: 1631 | C55: Alt Urgell | D55: Alt Urgell | E55: No essencial | J55: 42.31177 | K55: 1.543 | L55: Fitxa ↗ | M55: Mapa ↗
A56: Roc de Galliner | B56: 1630 | C56: Alt Urgell | D56: Alt Urgell | E56: No essencial | J56: 42.19807 | K56: 1.41096 | L56: Fitxa ↗ | M56: Mapa ↗
... A67: Roc de les Tres Creus | B67: 854 | C67: Alt Urgell | D67: Alt Urgell | E67: No essencial | J67: 42.09126 | K67: 1.30948 | L67: Fitxa ↗ | M67: Mapa ↗
A68: Pic de Comaloforno | B68: 3029 | C68: Alta Ribagorça | D68: Alta Ribagorça | E68: Essencial | F68: Alta Ribagorça | J68: 42.59138 | K68: 0.82783 | L68: Fitxa ↗ | M68: Mapa ↗
A69: Besiberri Sud | B69: 3023 | C69: Alta Ribagorça | D69: Alta Ribagorça | E69: No essencial | J69: 42.59379 | K69: 0.826 | L69: Fitxa ↗ | M69: Mapa ↗
A70: Punta Alta | B70: 3014 | C70: Alta Ribagorça | D70: Alta Ribagorça | E70: Essencial | J70: 42.5857 | K70: 0.88029 | L70: Fitxa ↗ | M70: Mapa ↗
A71: Besiberri Nord | B71: 3008 | C71: Alta Ribagorça | D71: Alta Ribagorça, Val d'Aran | E71: No essencial | J71: 42.60526 | K71: 0.8263 | L71: Fitxa ↗ | M71: Mapa ↗
A72: Pic de la Pala Alta de Sarradé | B72: 2983 | C72: Alta Ribagorça | D72: Alta Ribagorça | E72: No essencial | J72: 42.57471 | K72: 0.89094 | L72: Fitxa ↗ | M72: Mapa ↗
A73: Pic de Contraix | B73: 2958 | C73: Alta Ribagorça | D73: Alta Ribagorça | E73: No essencial | J73: 42.58524 | K73: 0.90693 | L73: Fitxa ↗ | M73: Mapa ↗
A74: Punta Senyalada | B74: 2952 | C74: Alta Ribagorça | D74: Alta Ribagorça | E74: No essencial | J74: 42.59137 | K74: 0.80848 | L74: Fitxa ↗ | M74: Mapa ↗
A75: Gran Tuc de Colomers | B75: 2933 | C75: Alta Ribagorça | D75: Alta Ribagorça, Val d'Aran | E75: Essencial | J75: 42.58939 | K75: 0.93781 | L75: Fitxa ↗ | M75: Mapa ↗
A76: Gran Pic del Pessó | B76: 2894 | C76: Alta Ribagorça | D76: Alta Ribagorça, Pallars Jussà | E76: No essencial | J76: 42.50949 | K76: 0.9241 | L76: Fitxa ↗ | M76: Mapa ↗
A77: Punta d’Harlé | B77: 2885 | C77: Alta Ribagorça | D77: Alta Ribagorça, Val d'Aran | E77: No essencial | J77: 42.6104 | K77: 0.8426 | L77: Fitxa ↗ | M77: Mapa ↗
A78: Pic de Mariolo (Pic de Neriolo) | B78: 2857 | C78: Alta Ribagorça | D78: Alta Ribagorça, Pallars Jussà | E78: No essencial | J78: 42.53073 | K78: 0.95763 | L78: Fitxa ↗ | M78: Mapa ↗
A79: Tuc des Carants | B79: 2791 | C79: Alta Ribagorça | D79: Alta Ribagorça | E79: No essencial | J79: 42.51405 | K79: 0.90333 | L79: Fitxa ↗ | M79: Mapa ↗
A80: Tuc de la Contesa | B80: 2780 | C80: Alta Ribagorça | D80: Alta Ribagorça, Val d'Aran | E80: No essencial | J80: 42.61552 | K80: 0.78859 | L80: Fitxa ↗ | M80: Mapa ↗
... A118: Alt de la Capa | B118: 2573 | C118: Andorra | D118: Andorra | E118: No essencial | J118: 42.56297 | K118: 1.45419 | L118: Fitxa ↗ | M118: Mapa ↗
A119: Sant Jeroni | B119: 1236 | C119: Anoia | D119: Anoia, Bages | E119: Essencial | F119: Bages · Anoia | J119: 41.60538 | K119: 1.8115 | L119: Fitxa ↗ | M119: Mapa ↗
A120: Miranda dels Ecos | B120: 1223 | C120: Anoia | D120: Anoia | E120: No essencial | J120: 41.60441 | K120: 1.80621 | L120: Fitxa ↗ | M120: Mapa ↗
A121: Montgròs | B121: 1133 | C121: Anoia | D121: Anoia | E121: Essencial | J121: 41.59999 | K121: 1.80509 | L121: Fitxa ↗ | M121: Mapa ↗
A122: Miranda del Príncep | B122: 993 | C122: Anoia | D122: Anoia | E122: No essencial | J122: 41.6049 | K122: 1.79278 | L122: Fitxa ↗ | M122: Mapa ↗
A123: El Castellar (serra d’Ancosa) | B123: 943 | C123: Anoia | D123: Anoia | E123: No essencial | J123: 41.44833 | K123: 1.51648 | L123: Fitxa ↗ | M123: Mapa ↗
A124: Grony de Miralles | B124: 866 | C124: Anoia | D124: Anoia | E124: No essencial | J124: 41.5167 | K124: 1.49218 | L124: Fitxa ↗ | M124: Mapa ↗
A125: Castell de Boixadors | B125: 848 | C125: Anoia | D125: Anoia | E125: No essencial | J125: 41.77064 | K125: 1.57478 | L125: Fitxa ↗ | M125: Mapa ↗
A126: Torre Alta (Castell Ferran) | B126: 842 | C126: Anoia | D126: Anoia | E126: No essencial | J126: 41.61121 | K126: 1.76328 | L126: Fitxa ↗ | M126: Mapa ↗
A127: Puig de Sant Miquel | B127: 733 | C127: Anoia | D127: Anoia | E127: Essencial | J127: 41.63724 | K127: 1.58098 | L127: Fitxa ↗ | M127: Mapa ↗
A128: Puig d’Aguilera | B128: 626 | C128: Anoia | D128: Anoia | E128: No essencial | J128: 41.60479 | K128: 1.67081 | L128: Fitxa ↗ | M128: Mapa ↗
A129: Turó de Can Dolcet | B129: 416 | C129: Anoia | D129: Anoia, Baix Llobregat | E129: No essencial | J129: 41.55541 | K129: 1.8158 | L129: Fitxa ↗ | M129: Mapa ↗
A130: Roca de Sant Salvador (l’Elefant) | B130: 1156 | C130: Bages | D130: Bages | E130: Essencial | J130: 41.59578 | K130: 1.82974 | L130: Fitxa ↗ | M130: Mapa ↗
A131: Montcau | B131: 1057 | C131: Bages | D131: Bages, Vallès Occidental | E131: Essencial | J131: 41.67504 | K131: 2.00463 | L131: Fitxa ↗ | M131: Mapa ↗
... A143: Turó de l’Escletxa (Turó de Montconill) | B143: 447 | C143: Bages | D143: Bages | E143: No essencial | J143: 41.62871 | K143: 1.88695 | L143: Fitxa ↗ | M143: Mapa ↗
A144: Tossal de la Baltasana | B144: 1201 | C144: Baix Camp | D144: Baix Camp, Conca de Barberà | E144: Essencial | F144: Baix Camp · Conca de Barberà | J144: 41.326 | K144: 1.00419 | L144: Fitxa ↗ | M144: Mapa ↗
A145: Mola d’Estat | B145: 1136 | C145: Baix Camp | D145: Baix Camp, Conca de Barberà | E145: Essencial | J145: 41.32555 | K145: 1.06058 | L145: Fitxa ↗ | M145: Mapa ↗
A146: Puig Pelat | B146: 1076 | C146: Baix Camp | D146: Baix Camp | E146: No essencial | J146: 41.26631 | K146: 1.0545 | L146: Fitxa ↗ | M146: Mapa ↗
A147: Puig de Gallicant | B147: 1010 | C147: Baix Camp | D147: Baix Camp | E147: No essencial | J147: 41.2495 | K147: 0.96072 | L147: Fitxa ↗ | M147: Mapa ↗
A148: Picorandan | B148: 991 | C148: Baix Camp | D148: Baix Camp | E148: No essencial | J148: 41.28789 | K148: 1.01719 | L148: Fitxa ↗ | M148: Mapa ↗
A149: Mola de Colldejou | B149: 922 | C149: Baix Camp | D149: Baix Camp | E149: Essencial | J149: 41.10747 | K149: 0.87396 | L149: Fitxa ↗ | M149: Mapa ↗
A150: Miranda de Llaberia | B150: 919 | C150: Baix Camp | D150: Baix Camp, Ribera d'Ebre | E150: No essencial | J150: 41.09263 | K150: 0.86262 | L150: Fitxa ↗ | M150: Mapa ↗
A151: Cavall Bernat de Llaberia | B151: 840 | C151: Baix Camp | D151: Baix Camp | E151: Essencial | J151: 41.08405 | K151: 0.87516 | L151: Fitxa ↗ | M151: Mapa ↗
A152: Miranda de Puigcerver | B152: 834 | C152: Baix Camp | D152: Baix Camp | E152: No essencial | J152: 41.19359 | K152: 0.93158 | L152: Fitxa ↗ | M152: Mapa ↗
A153: Molló Puntaire | B153: 727 | C153: Baix Camp | D153: Baix Camp | E153: Essencial | J153: 40.99062 | K153: 0.84784 | L153: Fitxa ↗ | M153: Mapa ↗
A154: Puig d’en Cama | B154: 717 | C154: Baix Camp | D154: Baix Camp | E154: No essencial | J154: 41.22026 | K154: 1.09407 | L154: Fitxa ↗ | M154: Mapa ↗
A155: Mola de Genessies | B155: 711 | C155: Baix Camp | D155: Baix Camp, Ribera d'Ebre | E155: Essencial | J155: 41.01629 | K155: 0.78543 | L155: Fitxa ↗ | M155: Mapa ↗
A156: Tossal de l’Alzina | B156: 697 | C156: Baix Camp | D156: Baix Camp | E156: No essencial | J156: 40.96809 | K156: 0.80955 | L156: Fitxa ↗ | M156: Mapa ↗
... A162: El Torn | B162: 152 | C162: Baix Camp | D162: Baix Camp | E162: No essencial | J162: 40.96575 | K162: 0.88335 | L162: Fitxa ↗ | M162: Mapa ↗
A163: Caro | B163: 1441 | C163: Baix Ebre | D163: Baix Ebre | E163: Essencial | F163: Baix Ebre | J163: 40.80313 | K163: 0.34312 | L163: Fitxa ↗ | M163: Mapa ↗
A164: Catinell | B164: 1350 | C164: Baix Ebre | D164: Baix Ebre, Montsià | E164: No essencial | J164: 40.75873 | K164: 0.28965 | L164: Fitxa ↗ | M164: Mapa ↗
A165: Tosseta Rasa | B165: 1217 | C165: Baix Ebre | D165: Baix Ebre, Terra Alta | E165: No essencial | F165: Terra Alta | J165: 40.84502 | K165: 0.32744 | L165: Fitxa ↗ | M165: Mapa ↗
A166: L’Espina | B166: 1181 | C166: Baix Ebre | D166: Baix Ebre, Terra Alta | E166: No essencial | J166: 40.87937 | K166: 0.3609 | L166: Fitxa ↗ | M166: Mapa ↗
A167: Punta de l’Aigua | B167: 1092 | C167: Baix Ebre | D167: Baix Ebre, Terra Alta | E167: No essencial | J167: 40.92773 | K167: 0.36881 | L167: Fitxa ↗ | M167: Mapa ↗
A168: Tossal d’Engrilló | B168: 1072 | C168: Baix Ebre | D168: Baix Ebre, Terra Alta | E168: Essencial | J168: 40.94304 | K168: 0.37079 | L168: Fitxa ↗ | M168: Mapa ↗
A169: Moleta de les Canals | B169: 1070 | C169: Baix Ebre | D169: Baix Ebre, Terra Alta | E169: No essencial | J169: 40.90903 | K169: 0.36274 | L169: Fitxa ↗ | M169: Mapa ↗
A170: Mola Castellona | B170: 1034 | C170: Baix Ebre | D170: Baix Ebre | E170: No essencial | J170: 40.79976 | K170: 0.36978 | L170: Fitxa ↗ | M170: Mapa ↗
A171: Creu de Santos | B171: 942 | C171: Baix Ebre | D171: Baix Ebre, Ribera d'Ebre | E171: Essencial | F171: Ribera d'Ebre | J171: 40.94069 | K171: 0.58602 | L171: Fitxa ↗ | M171: Mapa ↗
A172: La Coscollosa | B172: 879 | C172: Baix Ebre | D172: Baix Ebre | E172: No essencial | J172: 40.90238 | K172: 0.41356 | L172: Fitxa ↗ | M172: Mapa ↗
...

Sheet 3000 Pirineu
A1: Els 3000 del Pirineu · llista UIAA
A2: 212 tresmils (129 principals + 83 secundaris, llista Buyse/UIAA) + 3 tresmils catalans fora de la llista · columnes grogues editables · ordenat per zona i altitud
A4: Nº UIAA | B4: Cim | C4: Altitud (m) | D4: Zona | E4: Llista UIAA | F4: Tresmil català | G4: Assolit | H4: Data | I4: Punt(s) al meu KMZ | J4: Ascensions | K4: Dates de les ascensions
A5: 001 | B5: Balaitus | C5: 3144 | D5: Z1 · Balaitús-Infiernos | E5: Principal | F5: No
A6: 006 | B6: Infierno Central | C6: 3083 | D6: Z1 · Balaitús-Infiernos | E6: Principal | F6: No
A7: 007 | B7: Infierno Oriental | C7: 3076 | D7: Z1 · Balaitús-Infiernos | E7: Principal | F7: No
A8: 005 | B8: Infierno Occidental | C8: 3073 | D8: Z1 · Balaitús-Infiernos | E8: Principal | F8: No
A9: 002 | B9: Frondella | C9: 3071 | D9: Z1 · Balaitús-Infiernos | E9: Principal | F9: No
A10: 04 | B10: Frondella N | C10: 3062 | D10: Z1 · Balaitús-Infiernos | E10: Secundari | F10: No
A11: 05 | B11: Frondella Central | C11: 3055 | D11: Z1 · Balaitús-Infiernos | E11: Secundari | F11: No
A12: 009 | B12: Garmo Negro | C12: 3051 | D12: Z1 · Balaitús-Infiernos | E12: Principal | F12: No
A13: 01 | B13: Torre Costerillou | C13: 3049 | D13: Z1 · Balaitús-Infiernos | E13: Secundari | F13: No
A14: 011 | B14: Argualas | C14: 3046 | D14: Z1 · Balaitús-Infiernos | E14: Principal | F14: No
A15: 010 | B15: Algas | C15: 3036 | D15: Z1 · Balaitús-Infiernos | E15: Principal | F15: No
A16: 07 | B16: Algas N | C16: 3032 | D16: Z1 · Balaitús-Infiernos | E16: Secundari | F16: No
... A219: 83 | B219: Rodó de Canalbona | C219: 3004 | D219: Z11 · Montcalm-Estats | E219: Secundari | F219: Sí

Sheet 3000 Pirineu català
A1: Els 3000 del Pirineu català
A2: 16 tresmils de Catalunya (13 vigents + 3 de baixa per quedar per sota de 3.000 m amb les alçades ICGC) · «Assolit» i «Data» es llegeixen de la pestanya «3000 Pirineu»
A4: Cim | B4: Altitud ICGC (m) | C4: Zona | D4: Estat | E4: Llista UIAA | F4: Nom a «3000 Pirineu» | G4: Assolit | H4: Data
A5: Pica d'Estats | B5: 3143.45 | C5: Z11 · Montcalm-Estats | D5: Vigent | E5: Principal | F5: Pica d'Estats | G5: =IFERROR(INDEX('3000 Pirineu'!$G$5:$G$219,MATCH(F5,'3000 Pirineu'!$B$5:$B$219,0)),"No") | H5: =IFERROR(IF(INDEX('3000 Pirineu'!$H$5:$H$219,MATCH(F5,'3000 Pirineu'!$B$5:$B$219,0))="","",INDEX('3000 Pirineu'!$H$5:$H$219,MATCH(F5,'3000 Pirineu'!$B$5:$B$219,0))),"")
A6: Pic Verdaguer | B6: 3129.4 | C6: Z11 · Montcalm-Estats | D6: Vigent | E6: Principal | F6: Pico Verdaguer | G6: =IFERROR(INDEX('3000 Pirineu'!$G$5:$G$219,MATCH(F6,'3000 Pirineu'!$B$5:$B$219,0)),"No") | H6: =IFERROR(IF(INDEX('3000 Pirineu'!$H$5:$H$219,MATCH(F6,'3000 Pirineu'!$B$5:$B$219,0))="","",INDEX('3000 Pirineu'!$H$5:$H$219,MATCH(F6,'3000 Pirineu'!$B$5:$B$219,0))),"")
A7: Punta Gabarró | B7: 3114.6 | C7: Z11 · Montcalm-Estats | D7: Vigent | E7: Secundari | F7: Punta Gabarró | G7: =IFERROR(INDEX('3000 Pirineu'!$G$5:$G$219,MATCH(F7,'3000 Pirineu'!$B$5:$B$219,0)),"No") | H7: =IFERROR(IF(INDEX('3000 Pirineu'!$H$5:$H$219,MATCH(F7,'3000 Pirineu'!$B$5:$B$219,0))="","",INDEX('3000 Pirineu'!$H$5:$H$219,MATCH(F7,'3000 Pirineu'!$B$5:$B$219,0))),"")
A8: Pic de Sotllo | B8: 3072.77 | C8: Z11 · Montcalm-Estats | D8: Vigent | E8: Principal | F8: Pico de Sotllo | G8: =IFERROR(INDEX('3000 Pirineu'!$G$5:$G$219,MATCH(F8,'3000 Pirineu'!$B$5:$B$219,0)),"No") | H8: =IFERROR(IF(INDEX('3000 Pirineu'!$H$5:$H$219,MATCH(F8,'3000 Pirineu'!$B$5:$B$219,0))="","",INDEX('3000 Pirineu'!$H$5:$H$219,MATCH(F8,'3000 Pirineu'!$B$5:$B$219,0))),"")
A9: Sotllo Nord | B9: 3058.2 | C9: Z11 · Montcalm-Estats | D9: Vigent | E9: No (només llista catalana) | F9: Sotllo Nord | G9: =IFERROR(INDEX('3000 Pirineu'!$G$5:$G$219,MATCH(F9,'3000 Pirineu'!$B$5:$B$219,0)),"No") | H9: =IFERROR(IF(INDEX('3000 Pirineu'!$H$5:$H$219,MATCH(F9,'3000 Pirineu'!$B$5:$B$219,0))="","",INDEX('3000 Pirineu'!$H$5:$H$219,MATCH(F9,'3000 Pirineu'!$B$5:$B$219,0))),"")
A10: Pic de Comaloforno | B10: 3029.18 | C10: Z10 · Besiberri | D10: Vigent | E10: Principal | F10: Comaloforno | G10: =IFERROR(INDEX('3000 Pirineu'!$G$5:$G$219,MATCH(F10,'3000 Pirineu'!$B$5:$B$219,0)),"No") | H10: =IFERROR(IF(INDEX('3000 Pirineu'!$H$5:$H$219,MATCH(F10,'3000 Pirineu'!$B$5:$B$219,0))="","",INDEX('3000 Pirineu'!$H$5:$H$219,MATCH(F10,'3000 Pirineu'!$B$5:$B$219,0))),"")
A11: Besiberri Sud | B11: 3023.4 | C11: Z10 · Besiberri | D11: Vigent | E11: Principal | F11: Besiberri S | G11: =IFERROR(INDEX('3000 Pirineu'!$G$5:$G$219,MATCH(F11,'3000 Pirineu'!$B$5:$B$219,0)),"No") | H11: =IFERROR(IF(INDEX('3000 Pirineu'!$H$5:$H$219,MATCH(F11,'3000 Pirineu'!$B$5:$B$219,0))="","",INDEX('3000 Pirineu'!$H$5:$H$219,MATCH(F11,'3000 Pirineu'!$B$5:$B$219,0))),"")
A12: Punta Alta de Comalesbienes | B12: 3014.02 | C12: Z10 · Besiberri | D12: Vigent | E12: Principal | F12: Punta Alta (Comalesbienes) | G12: =IFERROR(INDEX('3000 Pirineu'!$G$5:$G$219,MATCH(F12,'3000 Pirineu'!$B$5:$B$219,0)),"No") | H12: =IFERROR(IF(INDEX('3000 Pirineu'!$H$5:$H$219,MATCH(F12,'3000 Pirineu'!$B$5:$B$219,0))="","",INDEX('3000 Pirineu'!$H$5:$H$219,MATCH(F12,'3000 Pirineu'!$B$5:$B$219,0))),"")
A13: Agulla Sud de Malavesina | B13: 3011.7 | C13: Z10 · Besiberri | D13: Vigent | E13: No (només llista catalana) | F13: Agulla Sud de Malavesina | G13: =IFERROR(INDEX('3000 Pirineu'!$G$5:$G$219,MATCH(F13,'3000 Pirineu'!$B$5:$B$219,0)),"No") | H13: =IFERROR(IF(INDEX('3000 Pirineu'!$H$5:$H$219,MATCH(F13,'3000 Pirineu'!$B$5:$B$219,0))="","",INDEX('3000 Pirineu'!$H$5:$H$219,MATCH(F13,'3000 Pirineu'!$B$5:$B$219,0))),"")
A14: Tuc de Molières | B14: 3010.08 | C14: Z9 · Maladeta-Aneto | D14: Vigent | E14: Principal | F14: Tuc de Mulleres (Molières) | G14: =IFERROR(INDEX('3000 Pirineu'!$G$5:$G$219,MATCH(F14,'3000 Pirineu'!$B$5:$B$219,0)),"No") | H14: =IFERROR(IF(INDEX('3000 Pirineu'!$H$5:$H$219,MATCH(F14,'3000 Pirineu'!$B$5:$B$219,0))="","",INDEX('3000 Pirineu'!$H$5:$H$219,MATCH(F14,'3000 Pirineu'!$B$5:$B$219,0))),"")
A15: Agulla Nord de Malavesina | B15: 3009.9 | C15: Z10 · Besiberri | D15: Vigent | E15: No (només llista catalana) | F15: Agulla Nord de Malavesina | G15: =IFERROR(INDEX('3000 Pirineu'!$G$5:$G$219,MATCH(F15,'3000 Pirineu'!$B$5:$B$219,0)),"No") | H15: =IFERROR(IF(INDEX('3000 Pirineu'!$H$5:$H$219,MATCH(F15,'3000 Pirineu'!$B$5:$B$219,0))="","",INDEX('3000 Pirineu'!$H$5:$H$219,MATCH(F15,'3000 Pirineu'!$B$5:$B$219,0))),"")
A16: Besiberri Nord | B16: 3008.27 | C16: Z10 · Besiberri | D16: Vigent | E16: Principal | F16: Besiberri N | G16: =IFERROR(INDEX('3000 Pirineu'!$G$5:$G$219,MATCH(F16,'3000 Pirineu'!$B$5:$B$219,0)),"No") | H16: =IFERROR(IF(INDEX('3000 Pirineu'!$H$5:$H$219,MATCH(F16,'3000 Pirineu'!$B$5:$B$219,0))="","",INDEX('3000 Pirineu'!$H$5:$H$219,MATCH(F16,'3000 Pirineu'!$B$5:$B$219,0))),"")
... A20: Besiberri del Mig S | B20: 2995.2 | C20: Z10 · Besiberri | D20: Baixa (<3000 m) | E20: Principal | F20: Besiberri del Mig S | G20: =IFERROR(INDEX('3000 Pirineu'!$G$5:$G$219,MATCH(F20,'3000 Pirineu'!$B$5:$B$219,0)),"No") | H20: =IFERROR(IF(INDEX('3000 Pirineu'!$H$5:$H$219,MATCH(F20,'3000 Pirineu'!$B$5:$B$219,0))="","",INDEX('3000 Pirineu'!$H$5:$H$219,MATCH(F20,'3000 Pirineu'!$B$5:$B$219,0))),"")

Sheet 4000 Alps
A1: Els 4000 dels Alps · llista UIAA
A2: 128 cims (82 principals + 46 secundaris, llista UIAA de 1994) · columnes grogues editables · ordenat per altitud
A4: Nº UIAA | B4: Cim | C4: Altitud (m) | D4: Massís | E4: País | F4: Llista UIAA | G4: Assolit | H4: Data | I4: Ascensions | J4: Dates de les ascensions | K4: Latitud | L4: Longitud | M4: Mapa
A5: 1 | B5: Mont Blanc | C5: 4809 | D5: Massís del Mont Blanc | E5: FR/IT | F5: Principal | K5: 45.8328 | L5: 6.865 | M5: Mapa ↗
A6: 2 | B6: Mont Blanc de Courmayeur | C6: 4748 | D6: Massís del Mont Blanc | E6: FR/IT | F6: Principal | K6: 45.8289 | L6: 6.8694 | M6: Mapa ↗
A7: — | B7: Rocher de la Tournette | C7: 4677 | D7: Massís del Mont Blanc | E7: FR/IT | F7: Secundari | K7: 45.83278 | L7: 6.85944 | M7: Mapa ↗
A8: 3 | B8: Dufourspitze | C8: 4634 | D8: Monte Rosa | E8: CH/IT | F8: Principal | K8: 45.9368 | L8: 7.8671 | M8: Mapa ↗
A9: — | B9: Dunantspitze | C9: 4632 | D9: Monte Rosa | E9: CH | F9: Secundari
A10: — | B10: Grenzgipfel | C10: 4618 | D10: Monte Rosa | E10: CH/IT | F10: Secundari | K10: 45.93675 | L10: 7.868 | M10: Mapa ↗
A11: 4 | B11: Nordend | C11: 4609 | D11: Monte Rosa | E11: CH/IT | F11: Principal | K11: 45.9422 | L11: 7.87 | M11: Mapa ↗
A12: 5 | B12: Zumsteinspitze | C12: 4563 | D12: Monte Rosa | E12: CH/IT | F12: Principal | K12: 45.9319 | L12: 7.8714 | M12: Mapa ↗
A13: 6 | B13: Signalkuppe (Punta Gnifetti) | C13: 4554 | D13: Monte Rosa | E13: CH/IT | F13: Principal | K13: 45.9272 | L13: 7.8769 | M13: Mapa ↗
A14: — | B14: Les Bosses | C14: 4547 | D14: Massís del Mont Blanc | E14: FR/IT | F14: Secundari | K14: 45.835028 | L14: 6.856078 | M14: Mapa ↗
A15: 7 | B15: Dom | C15: 4545 | D15: Mischabel | E15: CH | F15: Principal | K15: 46.095 | L15: 7.86 | M15: Mapa ↗
A16: 8 | B16: Liskamm Est | C16: 4527 | D16: Alps Penins | E16: CH/IT | F16: Principal | K16: 45.9225 | L16: 7.8356 | M16: Mapa ↗
A17: — | B17: La Grande Bosse | C17: 4513 | D17: Massís del Mont Blanc | E17: FR/IT | F17: Secundari
A18: 9 | B18: Weisshorn | C18: 4505 | D18: Alps Penins | E18: CH | F18: Principal | K18: 46.1017 | L18: 7.7161 | M18: Mapa ↗
A19: 10 | B19: Täschhorn | C19: 4491 | D19: Mischabel | E19: CH | F19: Principal | K19: 46.0836 | L19: 7.8572 | M19: Mapa ↗
A20: 11 | B20: Liskamm Oest | C20: 4479 | D20: Alps Penins | E20: CH/IT | F20: Principal | K20: 45.9265 | L20: 7.8233 | M20: Mapa ↗
A21: 12 | B21: Matterhorn (Cervino) | C21: 4478 | D21: Alps Penins | E21: CH/IT | F21: Principal | K21: 45.9764 | L21: 7.6586 | M21: Mapa ↗
A22: — | B22: Cervino, cim italià | C22: 4476 | D22: Alps Penins | E22: CH/IT | F22: Secundari
A23: 13 | B23: Picco Luigi Amedeo | C23: 4469 | D23: Massís del Mont Blanc | E23: IT | F23: Principal | K23: 45.8244 | L23: 6.8682 | M23: Mapa ↗
A24: — | B24: Dom (Grosser Gendarm) | C24: 4468 | D24: Mischabel | E24: CH | F24: Secundari
A25: 14 | B25: Mont Maudit | C25: 4465 | D25: Massís del Mont Blanc | E25: FR/IT | F25: Principal | K25: 45.8478 | L25: 6.8758 | M25: Mapa ↗
A26: 15 | B26: Parrotspitze | C26: 4432 | D26: Monte Rosa | E26: CH/IT | F26: Principal | K26: 45.9197 | L26: 7.8714 | M26: Mapa ↗
A27: 16 | B27: Dent Blanche | C27: 4357 | D27: Alps Penins | E27: CH | F27: Principal | K27: 46.0342 | L27: 7.6119 | M27: Mapa ↗
A28: — | B28: Aiguille de la Belle Étoile | C28: 4349 | D28: Massís del Mont Blanc | E28: IT | F28: Secundari
A29: 17 | B29: Ludwigshöhe | C29: 4341 | D29: Monte Rosa | E29: CH/IT | F29: Principal | K29: 45.9172 | L29: 7.8622 | M29: Mapa ↗
A30: — | B30: Grand Gendarme (Weisshorn) | C30: 4331 | D30: Alps Penins | E30: CH | F30: Secundari | K30: 46.1083 | L30: 7.7127 | M30: Mapa ↗
A31: 18 | B31: Nadelhorn | C31: 4327 | D31: Mischabel | E31: CH | F31: Principal | K31: 46.1088 | L31: 7.8642 | M31: Mapa ↗
A32: 19 | B32: Schwarzhorn (Corno Nero) | C32: 4322 | D32: Monte Rosa | E32: IT | F32: Principal | K32: 45.9149 | L32: 7.862 | M32: Mapa ↗
A33: 20 | B33: Grand Combin de Grafeneire | C33: 4314 | D33: Grand Combin | E33: CH | F33: Principal | K33: 45.9375 | L33: 7.2992 | M33: Mapa ↗
A34: 21 | B34: Dôme du Goûter | C34: 4304 | D34: Massís del Mont Blanc | E34: FR/IT | F34: Principal | K34: 45.8428 | L34: 6.8433 | M34: Mapa ↗
A35: 22 | B35: Lenzspitze | C35: 4294 | D35: Mischabel | E35: CH | F35: Principal | K35: 46.1046 | L35: 7.8684 | M35: Mapa ↗
A36: — | B36: Pointe Mieulet | C36: 4287 | D36: Massís del Mont Blanc | E36: FR | F36: Secundari | K36: 45.850457 | L36: 6.872121 | M36: Mapa ↗
A37: 23 | B37: Finsteraarhorn | C37: 4274 | D37: Alps Bernesos | E37: CH | F37: Principal | K37: 46.5375 | L37: 8.126 | M37: Mapa ↗
A38: — | B38: Liskammnase | C38: 4272 | D38: Alps Penins | E38: CH/IT | F38: Secundari | K38: 45.916671 | L38: 7.835355 | M38: Mapa ↗
A39: — | B39: Pointe Bayeux | C39: 4258 | D39: Massís del Mont Blanc | E39: FR | F39: Secundari | K39: 45.84639 | L39: 6.84389 | M39: Mapa ↗
A40: 24 | B40: Mont Blanc du Tacul | C40: 4248 | D40: Massís del Mont Blanc | E40: FR | F40: Principal | K40: 45.8564 | L40: 6.8878 | M40: Mapa ↗
A41: — | B41: Mont Blanc du Tacul (punt E) | C41: 4247 | D41: Massís del Mont Blanc | E41: FR | F41: Secundari
A42: 25 | B42: Grand Pilier d'Angle | C42: 4243 | D42: Massís del Mont Blanc | E42: IT | F42: Principal | K42: 45.8278 | L42: 6.88 | M42: Mapa ↗
A43: — | B43: Aiguille du Croissant | C43: 4243 | D43: Grand Combin | E43: CH | F43: Secundari | K43: 45.940819 | L43: 7.301059 | M43: Mapa ↗
A44: 26 | B44: Stecknadelhorn | C44: 4241 | D44: Mischabel | E44: CH | F44: Principal | K44: 46.1115 | L44: 7.8597 | M44: Mapa ↗
A45: — | B45: Pic Tyndall | C45: 4241 | D45: Alps Penins | E45: CH/IT | F45: Secundari | K45: 45.974944 | L45: 7.654389 | M45: Mapa ↗
A46: 27 | B46: Castor | C46: 4223 | D46: Alps Penins | E46: CH/IT | F46: Principal | K46: 45.9222 | L46: 7.7928 | M46: Mapa ↗
A47: 28 | B47: Zinalrothorn | C47: 4221 | D47: Alps Penins | E47: CH | F47: Principal | K47: 46.0647 | L47: 7.69 | M47: Mapa ↗
A48: 29 | B48: Hohberghorn | C48: 4219 | D48: Mischabel | E48: CH | F48: Principal | K48: 46.1127 | L48: 7.8539 | M48: Mapa ↗
A49: 30 | B49: Piramide Vincent | C49: 4215 | D49: Monte Rosa | E49: IT | F49: Principal | K49: 45.9078 | L49: 7.8619 | M49: Mapa ↗
A50: 31 | B50: Grandes Jorasses (Pointe Walker) | C50: 4208 | D50: Massís del Mont Blanc | E50: FR/IT | F50: Principal | K50: 45.8689 | L50: 6.9881 | M50: Mapa ↗
A51: 32 | B51: Alphubel | C51: 4206 | D51: Mischabel | E51: CH | F51: Principal | K51: 46.0629 | L51: 7.8639 | M51: Mapa ↗
A52: 33 | B52: Rimpfischhorn | C52: 4199 | D52: Mischabel | E52: CH | F52: Principal | K52: 46.02306 | L52: 7.88389 | M52: Mapa ↗
A53: 34 | B53: Aletschhorn | C53: 4193 | D53: Alps Bernesos | E53: CH | F53: Principal | K53: 46.4651 | L53: 7.99366 | M53: Mapa ↗
... A60: — | B60: Balmenhorn | C60: 4167 | D60: Monte Rosa | E60: IT | F60: Secundari | K60: 45.913836 | L60: 7.858134 | M60: Mapa ↗
A61: — | B61: Alphubel (cim sud) | C61: 4166 | D61: Mischabel | E61: CH | F61: Secundari
A62: 39 | B62: Breithorn Occidental | C62: 4164 | D62: Alps Penins | E62: CH/IT | F62: Principal | K62: 45.94111 | L62: 7.74722 | M62: Mapa ↗
A63: 40 | B63: Breithorn Central | C63: 4159 | D63: Alps Penins | E63: CH/IT | F63: Principal | K63: 45.93889 | L63: 7.75639 | M63: Mapa ↗
A64: 41 | B64: Jungfrau | C64: 4158 | D64: Alps Bernesos | E64: CH | F64: Principal | K64: 46.53681 | L64: 7.96264 | M64: Mapa ↗
A65: 42 | B65: Bishorn | C65: 4153 | D65: Alps Penins | E65: CH | F65: Principal | K65: 46.11778 | L65: 7.71472 | M65: Mapa ↗
A66: — | B66: Dent d'Hérens (La Corne) | C66: 4148 | D66: Alps Penins | E66: CH/IT | F66: Secundari
A67: 43 | B67: Breithorn Oriental (Bessó Oest) | C67: 4139 | D67: Alps Penins | E67: CH/IT | F67: Principal | K67: 45.93722 | L67: 7.76722 | M67: Mapa ↗
A68: 44 | B68: Grand Combin de la Tsessette | C68: 4135 | D68: Grand Combin | E68: CH | F68: Principal | K68: 45.94293 | L68: 7.31112 | M68: Mapa ↗
A69: — | B69: Pointe Burnaby (Bishorn) | C69: 4135 | D69: Alps Penins | E69: CH | F69: Secundari | K69: 46.118703 | L69: 7.717973 | M69: Mapa ↗
A70: — | B70: Alphubel (cim nord-est) | C70: 4128 | D70: Mischabel | E70: CH | F70: Secundari
A71: 45 | B71: Aiguille Verte | C71: 4122 | D71: Massís del Mont Blanc | E71: FR | F71: Principal | K71: 45.93472 | L71: 6.97 | M71: Mapa ↗
A72: — | B72: Alphubel (cim nord) | C72: 4116 | D72: Mischabel | E72: CH | F72: Secundari
A73: 46 | B73: Aiguilles du Diable (L'Isolée) | C73: 4114 | D73: Massís del Mont Blanc | E73: FR | F73: Principal | K73: 45.85472 | L73: 6.89028 | M73: Mapa ↗
A74: 47 | B74: Aiguille Blanche de Peuterey | C74: 4112 | D74: Massís del Mont Blanc | E74: IT | F74: Principal | K74: 45.82444 | L74: 6.88278 | M74: Mapa ↗
A75: 48 | B75: Grandes Jorasses (Pointe Croz) | C75: 4110 | D75: Massís del Mont Blanc | E75: FR/IT | F75: Principal | K75: 45.8691 | L75: 6.98237 | M75: Mapa ↗
A76: 49 | B76: Aiguilles du Diable (Pointe Carmen) | C76: 4109 | D76: Massís del Mont Blanc | E76: FR | F76: Principal | K76: 45.85448 | L76: 6.89166 | M76: Mapa ↗
A77: — | B77: Rimpfischhorn (Grosser Gendarm) | C77: 4108 | D77: Mischabel | E77: CH | F77: Secundari
A78: 50 | B78: Mönch | C78: 4107 | D78: Alps Bernesos | E78: CH | F78: Principal | K78: 46.55833 | L78: 7.99722 | M78: Mapa ↗
A79: — | B79: Aiguille Blanche de Peuterey (Pointe SE) | C79: 4107 | D79: Massís del Mont Blanc | E79: IT | F79: Secundari
A80: — | B80: Pointe de l'Androsace | C80: 4107 | D80: Massís del Mont Blanc | E80: FR/IT | F80: Secundari | K80: 45.849062 | L80: 6.883643 | M80: Mapa ↗
A81: 51 | B81: Breithorn (Gendarm / Bessó Est) | C81: 4106 | D81: Alps Penins | E81: CH/IT | F81: Principal | K81: 45.93583 | L81: 7.77056 | M81: Mapa ↗
A82: — | B82: Aiguille Blanche de Peuterey (Pointe NO) | C82: 4104 | D82: Massís del Mont Blanc | E82: IT | F82: Secundari
A83: 52 | B83: Grande Rocheuse | C83: 4102 | D83: Massís del Mont Blanc | E83: FR | F83: Principal | K83: 45.93444 | L83: 6.97278 | M83: Mapa ↗
A84: 53 | B84: Barre des Écrins | C84: 4102 | D84: Écrins | E84: FR | F84: Principal | K84: 44.9225 | L84: 6.36 | M84: Mapa ↗
A85: 54 | B85: Aiguilles du Diable (Pointe Médiane) | C85: 4097 | D85: Massís del Mont Blanc | E85: FR | F85: Principal | K85: 45.85448 | L85: 6.89194 | M85: Mapa ↗
A86: — | B86: Dent Blanche (Grand Gendarme) | C86: 4097 | D86: Alps Penins | E86: CH | F86: Secundari
A87: — | B87: Felikhorn | C87: 4093 | D87: Monte Rosa | E87: IT | F87: Secundari | K87: 45.916638 | L87: 7.803886 | M87: Mapa ↗
A88: 55 | B88: Pollux | C88: 4092 | D88: Alps Penins | E88: CH/IT | F88: Principal | K88: 45.92778 | L88: 7.78528 | M88: Mapa ↗
A89: — | B89: Lenzspitze (Grosser Gendarm) | C89: 4091 | D89: Mischabel | E89: CH | F89: Secundari
A90: — | B90: Wengen Jungfrau | C90: 4089 | D90: Alps Bernesos | E90: CH | F90: Secundari | K90: 46.539611 | L90: 7.963361 | M90: Mapa ↗
A91: — | B91: Grand Combin de la Tsessette (gendarme SE) | C91: 4088 | D91: Grand Combin | E91: CH | F91: Secundari
A92: — | B92: Pic Lory | C92: 4086 | D92: Écrins | E92: FR | F92: Secundari
A93: 56 | B93: Schreckhorn | C93: 4078 | D93: Alps Bernesos | E93: CH | F93: Principal | K93: 46.58997 | L93: 8.11814 | M93: Mapa ↗
A94: 57 | B94: Breithorn (Roccia Nera) | C94: 4075 | D94: Alps Penins | E94: CH/IT | F94: Principal | K94: 45.9325 | L94: 7.77528 | M94: Mapa ↗
A95: — | B95: Dent d'Hérens (Gendarme Crochu) | C95: 4075 | D95: Alps Penins | E95: CH/IT | F95: Secundari
A96: 58 | B96: Aiguilles du Diable (Pointe Chaubert) | C96: 4074 | D96: Massís del Mont Blanc | E96: FR | F96: Principal | K96: 45.85417 | L96: 6.89286 | M96: Mapa ↗
A97: 59 | B97: Mont Brouillard | C97: 4069 | D97: Massís del Mont Blanc | E97: FR/IT | F97: Principal | K97: 45.8175 | L97: 6.865 | M97: Mapa ↗
A98: — | B98: Pilier du Diable | C98: 4067 | D98: Massís del Mont Blanc | E98: FR | F98: Secundari
A99: 60 | B99: Grandes Jorasses (Pointe Marguerite) | C99: 4065 | D99: Massís del Mont Blanc | E99: FR/IT | F99: Principal | K99: 45.86858 | L99: 6.9779 | M99: Mapa ↗
A100: 61 | B100: Aiguilles du Diable (Corne du Diable) | C100: 4064 | D100: Massís del Mont Blanc | E100: FR | F100: Principal | K100: 45.85434 | L100: 6.89334 | M100: Mapa ↗
A101: — | B101: Tercer pilar del Col Maudit | C101: 4064 | D101: Massís del Mont Blanc | E101: FR | F101: Secundari
A102: 62 | B102: Ober Gabelhorn | C102: 4063 | D102: Alps Penins | E102: CH | F102: Principal | K102: 46.03833 | L102: 7.66778 | M102: Mapa ↗
A103: 63 | B103: Gran Paradiso | C103: 4061 | D103: Gran Paradiso | E103: IT | F103: Principal | K103: 45.51444 | L103: 7.26972 | M103: Mapa ↗
A104: — | B104: Pointe Bravais | C104: 4057 | D104: Massís del Mont Blanc | E104: FR | F104: Secundari | K104: 45.851026 | L104: 6.850169 | M104: Mapa ↗
A105: 64 | B105: Aiguille de Bionnassay | C105: 4052 | D105: Massís del Mont Blanc | E105: FR/IT | F105: Principal | K105: 45.83583 | L105: 6.81806 | M105: Mapa ↗
A106: 65 | B106: Piz Bernina | C106: 4049 | D106: Bernina | E106: CH | F106: Principal | K106: 46.38222 | L106: 9.90806 | M106: Mapa ↗
A107: 66 | B107: Gross Fiescherhorn | C107: 4049 | D107: Alps Bernesos | E107: CH | F107: Principal | K107: 46.551381 | L107: 8.061325 | M107: Mapa ↗
...

Sheet Sostres comarcals
A1: Sostres comarcals de Catalunya
A2: 43 sostres (un per comarca) · si el sostre és a la llista dels 100 Cims, «Assolit» i «Data» es llegeixen de «100 Cims FEEC»; si no, són editables
A4: Comarca | B4: Cim | C4: Altitud (m) | D4: Serra / zona | E4: A la llista 100 Cims | F4: Nom a «100 Cims» | G4: Assolit | H4: Data
A5: Pallars Sobirà | B5: Pica d'Estats | C5: 3143.5 | D5: Pirineu | E5: Essencial | F5: Pica d’Estats | G5: =IFERROR(INDEX('100 Cims FEEC'!$G$5:$G$526,MATCH(F5,'100 Cims FEEC'!$A$5:$A$526,0)),"No") | H5: =IFERROR(IF(INDEX('100 Cims FEEC'!$H$5:$H$526,MATCH(F5,'100 Cims FEEC'!$A$5:$A$526,0))="","",INDEX('100 Cims FEEC'!$H$5:$H$526,MATCH(F5,'100 Cims FEEC'!$A$5:$A$526,0))),"")
A6: Alta Ribagorça | B6: Pic de Comaloforno | C6: 3029.2 | D6: Pirineu | E6: Essencial | F6: Pic de Comaloforno | G6: =IFERROR(INDEX('100 Cims FEEC'!$G$5:$G$526,MATCH(F6,'100 Cims FEEC'!$A$5:$A$526,0)),"No") | H6: =IFERROR(IF(INDEX('100 Cims FEEC'!$H$5:$H$526,MATCH(F6,'100 Cims FEEC'!$A$5:$A$526,0))="","",INDEX('100 Cims FEEC'!$H$5:$H$526,MATCH(F6,'100 Cims FEEC'!$A$5:$A$526,0))),"")
A7: Val d'Aran | B7: Tuc de Molières | C7: 3010.1 | D7: Pirineu | E7: Essencial | F7: Tuc de Molières | G7: =IFERROR(INDEX('100 Cims FEEC'!$G$5:$G$526,MATCH(F7,'100 Cims FEEC'!$A$5:$A$526,0)),"No") | H7: =IFERROR(IF(INDEX('100 Cims FEEC'!$H$5:$H$526,MATCH(F7,'100 Cims FEEC'!$A$5:$A$526,0))="","",INDEX('100 Cims FEEC'!$H$5:$H$526,MATCH(F7,'100 Cims FEEC'!$A$5:$A$526,0))),"")
A8: Pallars Jussà | B8: Pic de Peguera | C8: 2982.7 | D8: Pirineu | E8: Essencial | F8: Pic de Peguera | G8: =IFERROR(INDEX('100 Cims FEEC'!$G$5:$G$526,MATCH(F8,'100 Cims FEEC'!$A$5:$A$526,0)),"No") | H8: =IFERROR(IF(INDEX('100 Cims FEEC'!$H$5:$H$526,MATCH(F8,'100 Cims FEEC'!$A$5:$A$526,0))="","",INDEX('100 Cims FEEC'!$H$5:$H$526,MATCH(F8,'100 Cims FEEC'!$A$5:$A$526,0))),"")
A9: Cerdanya | B9: Puigpedrós | C9: 2915 | D9: Pirineu | E9: Essencial | F9: Puigpedrós | G9: =IFERROR(INDEX('100 Cims FEEC'!$G$5:$G$526,MATCH(F9,'100 Cims FEEC'!$A$5:$A$526,0)),"No") | H9: =IFERROR(IF(INDEX('100 Cims FEEC'!$H$5:$H$526,MATCH(F9,'100 Cims FEEC'!$A$5:$A$526,0))="","",INDEX('100 Cims FEEC'!$H$5:$H$526,MATCH(F9,'100 Cims FEEC'!$A$5:$A$526,0))),"")
A10: Ripollès | B10: Puigmal | C10: 2909.8 | D10: Pirineu | E10: Essencial | F10: Puigmal | G10: =IFERROR(INDEX('100 Cims FEEC'!$G$5:$G$526,MATCH(F10,'100 Cims FEEC'!$A$5:$A$526,0)),"No") | H10: =IFERROR(IF(INDEX('100 Cims FEEC'!$H$5:$H$526,MATCH(F10,'100 Cims FEEC'!$A$5:$A$526,0))="","",INDEX('100 Cims FEEC'!$H$5:$H$526,MATCH(F10,'100 Cims FEEC'!$A$5:$A$526,0))),"")
A11: Alt Urgell | B11: Pic de Salòria | C11: 2789 | D11: Pirineu | E11: Essencial | F11: Pic de Salòria | G11: =IFERROR(INDEX('100 Cims FEEC'!$G$5:$G$526,MATCH(F11,'100 Cims FEEC'!$A$5:$A$526,0)),"No") | H11: =IFERROR(IF(INDEX('100 Cims FEEC'!$H$5:$H$526,MATCH(F11,'100 Cims FEEC'!$A$5:$A$526,0))="","",INDEX('100 Cims FEEC'!$H$5:$H$526,MATCH(F11,'100 Cims FEEC'!$A$5:$A$526,0))),"")
A12: Berguedà | B12: Pic de Costa Cabirolera | C12: 2604.4 | D12: Serra del Cadí | E12: No essencial | F12: Pic de Costa Cabirolera | G12: =IFERROR(INDEX('100 Cims FEEC'!$G$5:$G$526,MATCH(F12,'100 Cims FEEC'!$A$5:$A$526,0)),"No") | H12: =IFERROR(IF(INDEX('100 Cims FEEC'!$H$5:$H$526,MATCH(F12,'100 Cims FEEC'!$A$5:$A$526,0))="","",INDEX('100 Cims FEEC'!$H$5:$H$526,MATCH(F12,'100 Cims FEEC'!$A$5:$A$526,0))),"")
A13: Solsonès | B13: Pedró dels Quatre Batlles | C13: 2383 | D13: Port del Comte | E13: No essencial | F13: Pedró dels Quatre Batlles | G13: =IFERROR(INDEX('100 Cims FEEC'!$G$5:$G$526,MATCH(F13,'100 Cims FEEC'!$A$5:$A$526,0)),"No") | H13: =IFERROR(IF(INDEX('100 Cims FEEC'!$H$5:$H$526,MATCH(F13,'100 Cims FEEC'!$A$5:$A$526,0))="","",INDEX('100 Cims FEEC'!$H$5:$H$526,MATCH(F13,'100 Cims FEEC'!$A$5:$A$526,0))),"")
A14: Vallès Oriental | B14: Turó de l'Home | C14: 1705.78 | D14: Montseny | E14: No essencial | F14: Turó de l’Home | G14: =IFERROR(INDEX('100 Cims FEEC'!$G$5:$G$526,MATCH(F14,'100 Cims FEEC'!$A$5:$A$526,0)),"No") | H14: =IFERROR(IF(INDEX('100 Cims FEEC'!$H$5:$H$526,MATCH(F14,'100 Cims FEEC'!$A$5:$A$526,0))="","",INDEX('100 Cims FEEC'!$H$5:$H$526,MATCH(F14,'100 Cims FEEC'!$A$5:$A$526,0))),"")
A15: Selva | B15: Les Agudes | C15: 1705.5 | D15: Montseny | E15: Essencial | F15: Les Agudes | G15: =IFERROR(INDEX('100 Cims FEEC'!$G$5:$G$526,MATCH(F15,'100 Cims FEEC'!$A$5:$A$526,0)),"No") | H15: =IFERROR(IF(INDEX('100 Cims FEEC'!$H$5:$H$526,MATCH(F15,'100 Cims FEEC'!$A$5:$A$526,0))="","",INDEX('100 Cims FEEC'!$H$5:$H$526,MATCH(F15,'100 Cims FEEC'!$A$5:$A$526,0))),"")
A16: Osona | B16: Matagalls | C16: 1697.22 | D16: Montseny | E16: Essencial | F16: Matagalls | G16: =IFERROR(INDEX('100 Cims FEEC'!$G$5:$G$526,MATCH(F16,'100 Cims FEEC'!$A$5:$A$526,0)),"No") | H16: =IFERROR(IF(INDEX('100 Cims FEEC'!$H$5:$H$526,MATCH(F16,'100 Cims FEEC'!$A$5:$A$526,0))="","",INDEX('100 Cims FEEC'!$H$5:$H$526,MATCH(F16,'100 Cims FEEC'!$A$5:$A$526,0))),"")
A17: Noguera | B17: Tossal de les Torretes | C17: 1676.4 | D17: Montsec de Rúbies | E17: No
A18: Garrotxa | B18: Comanegra | C18: 1557.4 | D18: Pirineu | E18: Essencial | F18: Comanegra | G18: =IFERROR(INDEX('100 Cims FEEC'!$G$5:$G$526,MATCH(F18,'100 Cims FEEC'!$A$5:$A$526,0)),"No") | H18: =IFERROR(IF(INDEX('100 Cims FEEC'!$H$5:$H$526,MATCH(F18,'100 Cims FEEC'!$A$5:$A$526,0))="","",INDEX('100 Cims FEEC'!$H$5:$H$526,MATCH(F18,'100 Cims FEEC'!$A$5:$A$526,0))),"")
A19: Alt Empordà | B19: Roc del Comptador | C19: 1451 | D19: Pirineu-Les Salines | E19: Essencial | F19: Roc del Comptador | G19: =IFERROR(INDEX('100 Cims FEEC'!$G$5:$G$526,MATCH(F19,'100 Cims FEEC'!$A$5:$A$526,0)),"No") | H19: =IFERROR(IF(INDEX('100 Cims FEEC'!$H$5:$H$526,MATCH(F19,'100 Cims FEEC'!$A$5:$A$526,0))="","",INDEX('100 Cims FEEC'!$H$5:$H$526,MATCH(F19,'100 Cims FEEC'!$A$5:$A$526,0))),"")
A20: Baix Ebre | B20: Caro | C20: 1440.6 | D20: Ports de Tortosa-Beseit | E20: Essencial | F20: Caro | G20: =IFERROR(INDEX('100 Cims FEEC'!$G$5:$G$526,MATCH(F20,'100 Cims FEEC'!$A$5:$A$526,0)),"No") | H20: =IFERROR(IF(INDEX('100 Cims FEEC'!$H$5:$H$526,MATCH(F20,'100 Cims FEEC'!$A$5:$A$526,0))="","",INDEX('100 Cims FEEC'!$H$5:$H$526,MATCH(F20,'100 Cims FEEC'!$A$5:$A$526,0))),"")
A21: Montsià | B21: Tossal dels Tres Reis | C21: 1350.3 | D21: Ports de Tortosa-Beseit | E21: Essencial | F21: Tossal dels Tres Reis | G21: =IFERROR(INDEX('100 Cims FEEC'!$G$5:$G$526,MATCH(F21,'100 Cims FEEC'!$A$5:$A$526,0)),"No") | H21: =IFERROR(IF(INDEX('100 Cims FEEC'!$H$5:$H$526,MATCH(F21,'100 Cims FEEC'!$A$5:$A$526,0))="","",INDEX('100 Cims FEEC'!$H$5:$H$526,MATCH(F21,'100 Cims FEEC'!$A$5:$A$526,0))),"")
A22: Bages | B22: Sant Jeroni | C22: 1235.6 | D22: Montserrat | E22: Essencial | F22: Sant Jeroni | G22: =IFERROR(INDEX('100 Cims FEEC'!$G$5:$G$526,MATCH(F22,'100 Cims FEEC'!$A$5:$A$526,0)),"No") | H22: =IFERROR(IF(INDEX('100 Cims FEEC'!$H$5:$H$526,MATCH(F22,'100 Cims FEEC'!$A$5:$A$526,0))="","",INDEX('100 Cims FEEC'!$H$5:$H$526,MATCH(F22,'100 Cims FEEC'!$A$5:$A$526,0))),"")
A23: Anoia | B23: Sant Jeroni | C23: 1235.6 | D23: Montserrat | E23: Essencial | F23: Sant Jeroni | G23: =IFERROR(INDEX('100 Cims FEEC'!$G$5:$G$526,MATCH(F23,'100 Cims FEEC'!$A$5:$A$526,0)),"No") | H23: =IFERROR(IF(INDEX('100 Cims FEEC'!$H$5:$H$526,MATCH(F23,'100 Cims FEEC'!$A$5:$A$526,0))="","",INDEX('100 Cims FEEC'!$H$5:$H$526,MATCH(F23,'100 Cims FEEC'!$A$5:$A$526,0))),"")
A24: Terra Alta | B24: Tosseta Rasa | C24: 1216.7 | D24: Ports de Tortosa-Beseit | E24: No essencial | F24: Tosseta Rasa | G24: =IFERROR(INDEX('100 Cims FEEC'!$G$5:$G$526,MATCH(F24,'100 Cims FEEC'!$A$5:$A$526,0)),"No") | H24: =IFERROR(IF(INDEX('100 Cims FEEC'!$H$5:$H$526,MATCH(F24,'100 Cims FEEC'!$A$5:$A$526,0))="","",INDEX('100 Cims FEEC'!$H$5:$H$526,MATCH(F24,'100 Cims FEEC'!$A$5:$A$526,0))),"")
A25: Lluçanès | B25: Puigdon | C25: 1206 | E25: No
A26: Baix Camp | B26: Tossal de la Baltasana | C26: 1201.9 | D26: Muntanyes de Prades | E26: Essencial | F26: Tossal de la Baltasana | G26: =IFERROR(INDEX('100 Cims FEEC'!$G$5:$G$526,MATCH(F26,'100 Cims FEEC'!$A$5:$A$526,0)),"No") | H26: =IFERROR(IF(INDEX('100 Cims FEEC'!$H$5:$H$526,MATCH(F26,'100 Cims FEEC'!$A$5:$A$526,0))="","",INDEX('100 Cims FEEC'!$H$5:$H$526,MATCH(F26,'100 Cims FEEC'!$A$5:$A$526,0))),"")
A27: Conca de Barberà | B27: Tossal de la Baltasana | C27: 1201.9 | D27: Muntanyes de Prades | E27: Essencial | F27: Tossal de la Baltasana | G27: =IFERROR(INDEX('100 Cims FEEC'!$G$5:$G$526,MATCH(F27,'100 Cims FEEC'!$A$5:$A$526,0)),"No") | H27: =IFERROR(IF(INDEX('100 Cims FEEC'!$H$5:$H$526,MATCH(F27,'100 Cims FEEC'!$A$5:$A$526,0))="","",INDEX('100 Cims FEEC'!$H$5:$H$526,MATCH(F27,'100 Cims FEEC'!$A$5:$A$526,0))),"")
A28: Baix Llobregat | B28: L'Albarda Castellana | C28: 1177 | D28: Montserrat | E28: No essencial | F28: L’Albarda Castellana | G28: =IFERROR(INDEX('100 Cims FEEC'!$G$5:$G$526,MATCH(F28,'100 Cims FEEC'!$A$5:$A$526,0)),"No") | H28: =IFERROR(IF(INDEX('100 Cims FEEC'!$H$5:$H$526,MATCH(F28,'100 Cims FEEC'!$A$5:$A$526,0))="","",INDEX('100 Cims FEEC'!$H$5:$H$526,MATCH(F28,'100 Cims FEEC'!$A$5:$A$526,0))),"")
A29: Priorat | B29: Roca Corbatera | C29: 1162.8 | D29: Serra de Montsant | E29: Essencial | F29: Roca Corbatera | G29: =IFERROR(INDEX('100 Cims FEEC'!$G$5:$G$526,MATCH(F29,'100 Cims FEEC'!$A$5:$A$526,0)),"No") | H29: =IFERROR(IF(INDEX('100 Cims FEEC'!$H$5:$H$526,MATCH(F29,'100 Cims FEEC'!$A$5:$A$526,0))="","",INDEX('100 Cims FEEC'!$H$5:$H$526,MATCH(F29,'100 Cims FEEC'!$A$5:$A$526,0))),"")
A30: Vallès Occidental | B30: La Mola | C30: 1103.25 | D30: Serralada Prelitoral | E30: Essencial | F30: La Mola de Sant Llorenç del Munt | G30: =IFERROR(INDEX('100 Cims FEEC'!$G$5:$G$526,MATCH(F30,'100 Cims FEEC'!$A$5:$A$526,0)),"No") | H30: =IFERROR(IF(INDEX('100 Cims FEEC'!$H$5:$H$526,MATCH(F30,'100 Cims FEEC'!$A$5:$A$526,0))="","",INDEX('100 Cims FEEC'!$H$5:$H$526,MATCH(F30,'100 Cims FEEC'!$A$5:$A$526,0))),"")
A31: Moianès | B31: Serrat de Sant Joan | C31: 1065 | D31: Serralada Prelitoral | E31: No
A32: Garrigues | B32: La Cogulla | C32: 1022 | D32: Serra de la Llena | E32: No
A33: Alt Camp | B33: Punta de Barrina | C33: 1013.6 | D33: Muntanyes de Prades | E33: No
A34: Gironès | B34: Puigsou | C34: 991.3 | D34: Serralada Transversal | E34: No
A35: Ribera d'Ebre | B35: La Creu de Santos | C35: 941.9 | D35: Serra de Cardó | E35: Essencial | F35: Creu de Santos | G35: =IFERROR(INDEX('100 Cims FEEC'!$G$5:$G$526,MATCH(F35,'100 Cims FEEC'!$A$5:$A$526,0)),"No") | H35: =IFERROR(IF(INDEX('100 Cims FEEC'!$H$5:$H$526,MATCH(F35,'100 Cims FEEC'!$A$5:$A$526,0))="","",INDEX('100 Cims FEEC'!$H$5:$H$526,MATCH(F35,'100 Cims FEEC'!$A$5:$A$526,0))),"")
A36: Alt Penedès | B36: Puig de Solanes | C36: 914 | D36: Serralada prelitoral | E36: No
A37: Pla de l'Estany | B37: Comaestremer | C37: 885.8 | D37: Serra de Portelles | E37: No
A38: Baix Penedès | B38: Puig de la Talaia | C38: 861.3 | D38: Serra del Montmell | E38: No
A39: Segarra | B39: Serra de Montfred | C39: 833 | D39: Serra de Montfred (Depresió central) | E39: No
A40: Urgell | B40: Tossal Gros de Vallbona | C40: 802.9 | D40: Depressió central | E40: Essencial | F40: Tossal Gros de Vallbona | G40: =IFERROR(INDEX('100 Cims FEEC'!$G$5:$G$526,MATCH(F40,'100 Cims FEEC'!$A$5:$A$526,0)),"No") | H40: =IFERROR(IF(INDEX('100 Cims FEEC'!$H$5:$H$526,MATCH(F40,'100 Cims FEEC'!$A$5:$A$526,0))="","",INDEX('100 Cims FEEC'!$H$5:$H$526,MATCH(F40,'100 Cims FEEC'!$A$5:$A$526,0))),"")
A41: Maresme | B41: Turó d'en Vives | C41: 765.8 | D41: Massís del Montnegre | E41: No
A42: Garraf | B42: Puig de la Mola | C42: 533.8 | D42: Massís del Garraf | E42: No essencial | F42: Puig de la Mola | G42: =IFERROR(INDEX('100 Cims FEEC'!$G$5:$G$526,MATCH(F42,'100 Cims FEEC'!$A$5:$A$526,0)),"No") | H42: =IFERROR(IF(INDEX('100 Cims FEEC'!$H$5:$H$526,MATCH(F42,'100 Cims FEEC'!$A$5:$A$526,0))="","",INDEX('100 Cims FEEC'!$H$5:$H$526,MATCH(F42,'100 Cims FEEC'!$A$5:$A$526,0))),"")
A43: Baix Empordà | B43: Puig d'Aiguabona | C43: 533.1 | D43: Massís de les Gavarres | E43: No
A44: Barcelonès | B44: Tibidabo | C44: 516.2 | D44: Serra de Collserola | E44: No
A45: Segrià | B45: Puntal dels Escambrons | C45: 500 | D45: Depressió central | E45: No
A46: Pla d'Urgell | B46: Lo Tossal | C46: 348 | D46: Depressió central | E46: No
A47: Tarragonès | B47: La Mola | C47: 316.6 | D47: Serralada Prelitoral | E47: Essencial | F47: La Mola | G47: =IFERROR(INDEX('100 Cims FEEC'!$G$5:$G$526,MATCH(F47,'100 Cims FEEC'!$A$5:$A$526,0)),"No") | H47: =IFERROR(IF(INDEX('100 Cims FEEC'!$H$5:$H$526,MATCH(F47,'100 Cims FEEC'!$A$5:$A$526,0))="","",INDEX('100 Cims FEEC'!$H$5:$H$526,MATCH(F47,'100 Cims FEEC'!$A$5:$A$526,0))),"")

Sheet Els meus punts
A1: Els meus punts
A2: Els teus punts, agrupats per carpeta, amb l'encreuament amb les llistes FEEC i de tresmils
A4: Grup (carpeta) | B4: Nom | C4: Altitud (m) | D4: Data | E4: Font altitud | F4: Cim FEEC | G4: Tipus FEEC | H4: Comarca FEEC | I4: Tresmil (llista 3000) | J4: Llista UIAA | K4: Tresmil català | L4: Latitud | M4: Longitud | N4: Mapa

Sheet Rutes
A1: Rutes i travesses
A2: Tracks del KMZ · distància i desnivell calculats a partir dels punts del track (filtre de soroll de 5 m)
A4: Ruta | B4: Etapa / track | C4: Any | D4: Data inici | E4: Distància (km) | F4: Desnivell + (m) | G4: Desnivell − (m) | H4: Alt. màx. (m) | I4: Alt. mín. (m) | J4: Durada (h) | K4: Inici (mapa)
